"","Id","Label","Interval","Weight","Dept","Orientation"
"1","-6cOYcYAAAAJ","STEVEN MAXWELL SEITZ ",0,1,"CS","CS"
"2","VizsSmEAAAAJ","CHARLES R DYER ",0,11,"CS","CS"
"3","-cL-RwUAAAAJ","BARRY ANDREW TRIMMER ",0,1,"BIO","BIO"
"4","-Dg42W8AAAAJ","SARA M LEWIS ",0,1,"BIO","BIO"
"5","EAzpJiQAAAAJ","MARK E HAY ",0,1,"BIO","BIO"
"6","-EXWOU0AAAAJ","DMH WALKER ",0,1,"CS","CS"
"7","-had2Q8AAAAJ","DAVID G DRUBIN ",0,5,"BIO","BIO"
"8","kUwCxIUAAAAJ","RONG LI ",0,3,"BIO","BIO"
"9","PBo0rn4AAAAJ","MATTHEW D WELCH ",0,3,"BIO","BIO"
"10","C1c54H4AAAAJ","TIM STEARNS ",0,1,"BIO","BIO"
"11","nwNHXf4AAAAJ","JAMES A SPUDICH ",0,7,"BIO","BIO"
"12","-HwCwkAAAAAJ","MARC S MANGEL ",0,1,"BIO","BIO"
"13","cFbbY_gAAAAJ","DANIEL T BLUMSTEIN ",0,1,"BIO","BIO"
"14","-Jbd9DsAAAAJ","GOPAL GUPTA ",0,1,"CS","CS"
"15","MwIL3roAAAAJ","BHARAT JAYARAMAN ",0,2,"CS","CS"
"16","-spRnaQAAAAJ","JAVED ALEXANDER ASLAM ",0,1,"CS","CS"
"17","6qE0tdAAAAAJ","RONALD L RIVEST ",0,9,"CS","CS"
"18","-UyfaYEAAAAJ","STANLEY FALKOW ",0,4,"BIO","BIO"
"19","Lb4-GKsAAAAJ","DAVID A RELMAN ",0,2,"BIO","BIO"
"20","puOEoqoAAAAJ","THOMAS M SCHMIDT ",0,3,"BIO","BIO"
"21","9EkM1A8AAAAJ","TIMOTHY A RYAN ",0,1,"BIO","BIO"
"22","PqtYDZQAAAAJ","RAYMOND L RODRIGUEZ ",0,2,"BIO","BIO"
"23","-XpZ4fgAAAAJ","SCOTT ALAN MAHLKE ",0,1,"CS","CS"
"24","Wov5tYoAAAAJ","DAVID I AUGUST ",0,1,"CS","CS"
"25","-yrzguMAAAAJ","SRINIVAS DEVADAS ",0,1,"CS","CS"
"26","-YvgZDEAAAAJ","ABRAHAM SILBERSCHATZ ",0,3,"CS","CS"
"27","SKVnHakAAAAJ","HOSAGRAHAR VISVESVARAYA JAGADISH ",0,6,"CS","CS"
"28","MTZaRW4AAAAJ","SHARAD MEHROTRA ",0,6,"CS","CS"
"29","sxjynOsAAAAJ","FRED B SCHNEIDER ",0,6,"CS","CS"
"30","00M1AqQAAAAJ","JOHN DAVID KUBIATOWICZ ",0,1,"CS","CS"
"31","U6OVPVMAAAAJ","FREDERIC T CHONG ",0,2,"CS","CS"
"32","01EOkNEAAAAJ","ROEL NUSSE ",0,1,"BIO","BIO"
"33","l5mmRVoAAAAJ","HENK ROELINK ",0,1,"BIO","BIO"
"34","02nHF0gAAAAJ","RAJESH PN RAO ",0,2,"CS","CS"
"35","67aYFTQAAAAJ","DANA H BALLARD ",0,6,"CS","CS"
"36","02_kT4YAAAAJ","JEFF ERICKSON ",0,1,"CS","CS"
"37","05UuCNQAAAAJ","JERRY M MELILLO ",0,8,"BIO","XD"
"38","EBnjjY8AAAAJ","EDWARD B RASTETTER ",0,6,"BIO","BIO"
"39","D9UDlHYAAAAJ","RICHARD GILBERT LATHROP ",0,1,"CS","XD"
"40","wQzELzEAAAAJ","CHRISTOPHER NEILL ",0,2,"BIO","BIO"
"41","uzDaznAAAAAJ","JOSHUA P SCHIMEL ",0,1,"BIO","BIO"
"42","kiQQEhMAAAAJ","LESLIE A REAL ",0,5,"BIO","BIO"
"43","7PeekG0AAAAJ","SIMON A LEVIN ",0,4,"BIO","BIO"
"44","oAj9a-wAAAAJ","STEPHEN R CARPENTER ",0,10,"BIO","BIO"
"45","0cy3s0AAAAAJ","RACHEL D GREEN ",0,2,"BIO","BIO"
"46","A0XsdIMAAAAJ","ANDREW D ELLINGTON ",0,2,"BIO","BIO"
"47","Sha9_3YAAAAJ","J MICHAEL CHERRY ",0,4,"BIO","BIO"
"48","0DpK1EMAAAAJ","TUOMAS W SANDHOLM ",0,1,"CS","CS"
"49","0ESwQagAAAAJ","THOMAS J GIVNISH ",0,1,"BIO","BIO"
"50","nVksQusAAAAJ","KENNETH J SYTSMA ",0,6,"BIO","BIO"
"51","0fq5QeIAAAAJ","PAVEL A PEVZNER ",0,4,"CS","XD"
"52","ciQ3dn0AAAAJ","MARK YU BORODOVSKY ",0,1,"CS","CS"
"53","NzQu5SwAAAAJ","VINEET BAFNA ",0,2,"CS","CS"
"54","h5gEfxsAAAAJ","XIAOQIU HUANG ",0,2,"CS","XD"
"55","0fVKnEcAAAAJ","MICHAEL TRAVISANO ",0,1,"BIO","BIO"
"56","wjPrcoUAAAAJ","RICHARD E LENSKI ",0,4,"BIO","XD"
"57","0iJRaawAAAAJ","JAMES P COHOON ",0,2,"CS","CS"
"58","YTJrQA4AAAAJ","GABRIEL ROBINS ",0,4,"CS","CS"
"59","gMQWxE0AAAAJ","SARTAJ KUMAR SAHNI ",0,4,"CS","CS"
"60","0irVeiQAAAAJ","SRINIVASAN SESHAN ",0,5,"CS","CS"
"61","Wj4ZBFIAAAAJ","DAVID A PATTERSON ",0,14,"CS","XD"
"62","WYctQAQAAAAJ","GARTH A GIBSON ",0,11,"CS","CS"
"63","zqPtcskAAAAJ","JOHN H HARTMAN ",0,5,"CS","CS"
"64","0IrZEuIAAAAJ","URSULA W GOODENOUGH ",0,1,"BIO","BIO"
"65","aVorcfUAAAAJ","MICHAEL P SHEETZ ",0,6,"BIO","BIO"
"66","0nBysEcAAAAJ","ALFRED KOBSA ",0,1,"CS","CS"
"67","0oj4N0sAAAAJ","EDMUND D BRODIE ",0,1,"BIO","BIO"
"68","0RMteS0AAAAJ","SHIVAKANT MISHRA ",0,1,"CS","CS"
"69","hmq4rGIAAAAJ","LARRY L PETERSON ",0,7,"CS","CS"
"70","0vWWXXUAAAAJ","BUELENT YENER ",0,1,"CS","CS"
"71","0VzUxIcAAAAJ","DARRELL WHITLEY ",0,2,"CS","CS"
"72","y2fSlecAAAAJ","YASHWANT K MALAIYA ",0,2,"CS","CS"
"73","0XV1sFsAAAAJ","SIMON SINSING LAM ",0,2,"CS","CS"
"74","GRGOG1AAAAAJ","MOHAMED G GOUDA ",0,4,"CS","CS"
"75","kEM42bEAAAAJ","GEOFFREY G XIE ",0,1,"CS","CS"
"76","0y6JDD4AAAAJ","MAHADEV SATYANARAYANAN ",0,2,"CS","CS"
"77","9Y2cn3EAAAAJ","JAMES H MORRIS ",0,1,"CS","CS"
"78","0zVOVQ0AAAAJ","JIANER CHEN ",0,2,"CS","CS"
"79","eEYPTKUAAAAJ","ROBERTO TAMASSIA ",0,5,"CS","CS"
"80","1fEZ_osAAAAJ","BABA C VEMURI ",0,2,"CS","CS"
"81","lc0ARagAAAAJ","LARRY S DAVIS ",0,6,"CS","CS"
"82","pKuBFaQAAAAJ","DEMETRI TERZOPOULOS ",0,9,"CS","CS"
"83","1HYDaVIAAAAJ","JAMES D ASPNES ",0,1,"CS","CS"
"84","qLuAbhMAAAAJ","STEVEN RUDICH ",0,4,"CS","CS"
"85","1h_0s3wAAAAJ","SUSAN KAYE MCCONNELL ",0,1,"BIO","BIO"
"86","y0lYi-cAAAAJ","MICHAEL E DAILEY ",0,1,"BIO","BIO"
"87","1jE4flwAAAAJ","DONALD ALVIN LEVIN ",0,1,"BIO","BIO"
"88","8v1PvG1CERwC","KEITH CLAY ",0,4,"BIO","BIO"
"89","1LUuMc8AAAAJ","ANDREA WERNECK RICHA ",0,1,"CS","CS"
"90","QZrx9MEAAAAJ","RAJMOHAN RAJARAMAN ",0,2,"CS","CS"
"91","1l_zPXQAAAAJ","CLAY FUQUA ",0,1,"BIO","BIO"
"92","1mMmqs4AAAAJ","HONGWEI XI ",0,1,"CS","CS"
"93","ghWKWBUAAAAJ","FRANK PFENNING ",0,3,"CS","CS"
"94","1nr7TU0AAAAJ","BRANDON S GAUT ",0,4,"BIO","BIO"
"95","utnDy7MAAAAJ","ROBERT K JANSEN ",0,5,"BIO","XD"
"96","1NtRHc4AAAAJ","L THORNE MCCARTY ",0,1,"CS","CS"
"97","8ys-38kAAAAJ","WILLIAM W COHEN ",0,2,"CS","CS"
"98","1s3GeggAAAAJ","PHILIP A REA ",0,1,"BIO","XD"
"99","sc9YppcAAAAJ","EUN JUNG KIM ",0,1,"CS","XD"
"100","1somGYUAAAAJ","MILTON H SAIER ",0,5,"BIO","BIO"
"101","MOaFLkMAAAAJ","JULIAN I SCHROEDER ",0,4,"BIO","BIO"
"102","5--K4tgAAAAJ","DANIEL B KEARNS ",0,1,"BIO","BIO"
"103","4R7_wW8AAAAJ","CHRIS SANDER ",0,1,"BIO","BIO"
"104","55pOyCkAAAAJ","KENNETH H NEALSON ",0,4,"BIO","BIO"
"105","1WIPsm0AAAAJ","MICHAEL JOSEPH RYAN ",0,1,"BIO","BIO"
"106","4SYHiigAAAAJ","MARK KIRKPATRICK ",0,2,"BIO","BIO"
"107","1wq5H9oAAAAJ","ROBERT A WEINBERG ",0,4,"BIO","BIO"
"108","vivnVgIAAAAJ","STEPHEN P GOFF ",0,1,"BIO","BIO"
"109","R1Wg5b8AAAAJ","PETER H DUESBERG ",0,2,"BIO","BIO"
"110","ieD5uTEAAAAJ","JEFFREY D PARVIN ",0,2,"BIO","BIO"
"111","1xfwEBAAAAAJ","AMELIA CLARE REGAN ",0,1,"CS","CS"
"112","ND0FM6EAAAAJ","PATRICK JAILLET ",0,1,"CS","CS"
"113","1z3mv7EAAAAJ","LUBERT STRYER ",0,6,"BIO","BIO"
"114","qRAMJHgAAAAJ","TOBIAS MEYER ",0,2,"BIO","BIO"
"115","kMK1IvwAAAAJ","DAVID D THOMAS ",0,2,"BIO","BIO"
"116","e4JfTgsAAAAJ","JORDAN S POBER ",0,4,"BIO","BIO"
"117","AzdflHYAAAAJ","THEODORE G WENSEL ",0,3,"BIO","BIO"
"118","GljRwkUAAAAJ","MARK M DAVIS ",0,3,"BIO","BIO"
"119","2-jY1SQAAAAJ","KEVIN J SULLIVAN ",0,1,"CS","CS"
"120","yx0wJlIAAAAJ","WILLIAM G GRISWOLD ",0,1,"CS","CS"
"121","26h2MnAAAAAJ","TIMOTHY E LINDQUIST ",0,1,"CS","CS"
"122","M4AL53YAAAAJ","DENNIS G KAFURA ",0,1,"CS","CS"
"123","2Ay8qC4AAAAJ","ANNE MOSCONA ",0,1,"BIO","BIO"
"124","2Bc3UN4AAAAJ","ROBERT T COLLINS ",0,2,"CS","CS"
"125","pAI5S50AAAAJ","J ROSS BEVERIDGE ",0,2,"CS","CS"
"126","2ewb-10AAAAJ","MARIA L GINI ",0,2,"CS","CS"
"127","BnxU9TEAAAAJ","VIPIN KUMAR ",0,8,"CS","CS"
"128","2FbkAzYAAAAJ","MANUELA M VELOSO ",0,5,"CS","CS"
"129","qnwjcfAAAAAJ","PETER H STONE ",0,1,"CS","CS"
"130","uSfaEgUAAAAJ","JAIME G CARBONELL ",0,8,"CS","CS"
"131","XF6Yk98AAAAJ","OREN ETZIONI ",0,5,"CS","CS"
"132","tpoh43QAAAAJ","SVEN KOENIG ",0,2,"CS","CS"
"133","R9ZW47sAAAAJ","JONATHAN RICHARD SHEWCHUK ",0,2,"CS","CS"
"134","2ftJYXMAAAAJ","ROY HAROLD CAMPBELL ",0,1,"CS","CS"
"135","ID4wZFwAAAAJ","RAVI SETHI ",0,4,"CS","CS"
"136","2G1KglQAAAAJ","JEAN TOBY GREENBERG ",0,1,"BIO","BIO"
"137","TmhHwmQAAAAJ","JANE GLAZEBROOK ",0,1,"BIO","BIO"
"138","2i7uayYAAAAJ","DAVI GEIGER ",0,2,"CS","CS"
"139","FJ-huxgAAAAJ","ALAN L YUILLE ",0,11,"CS","CS"
"140","NE_tfEIAAAAJ","A SINGH ",0,10,"CS","XD"
"141","2kXsgI4AAAAJ","CHITA RANJAN DAS ",0,1,"CS","CS"
"142","Zc018qEAAAAJ","PRASANT MOHAPATRA ",0,1,"CS","CS"
"143","2LQimEIAAAAJ","ROGER M WARTELL ",0,1,"BIO","BIO"
"144","vBvszjkAAAAJ","SUSE B BROYDE ",0,2,"BIO","BIO"
"145","2M8BWDkAAAAJ","ANDREAS STATHOPOULOS ",0,1,"CS","CS"
"146","90qiDCwAAAAJ","YOUSEF SAAD ",0,1,"CS","CS"
"147","2mkaUvkAAAAJ","TYLER A VOLK ",0,1,"BIO","BIO"
"148","FyhRqdYAAAAJ","MICHAEL R RAMPINO ",0,1,"BIO","BIO"
"149","2OJOZTUAAAAJ","BOLESLAW K SZYMANSKI ",0,2,"CS","CS"
"150","kBGGEjUAAAAJ","INSUP LEE ",0,3,"CS","CS"
"151","2oSSsLYAAAAJ","RICK L STEVENS ",0,1,"CS","CS"
"152","VGoSakQAAAAJ","IAN T FOSTER ",0,4,"CS","CS"
"153","2oy3OXYAAAAJ","STUART J RUSSELL ",0,5,"CS","CS"
"154","7eC3KMkAAAAJ","DEVIKA SUBRAMANIAN ",0,5,"CS","CS"
"155","q_n7d6EAAAAJ","SHLOMO ZILBERSTEIN ",0,1,"CS","CS"
"156","UruIct4AAAAJ","MICHAEL P WELLMAN ",0,2,"CS","CS"
"157","oY9R5YQAAAAJ","JITENDRA MALIK ",0,6,"CS","CS"
"158","2pW1g5IAAAAJ","MIHIR M BELLARE ",0,2,"CS","CS"
"159","gUEkPQEAAAAJ","PHILLIP WALDER ROGAWAY ",0,2,"CS","CS"
"160","54w2_AcAAAAJ","ROCH ANDRE GUERIN ",0,4,"CS","CS"
"161","2PxFftgAAAAJ","JOHN THOMAS STASKO ",0,2,"CS","CS"
"162","6YU6_QoAAAAJ","SCOTT E HUDSON ",0,6,"CS","CS"
"163","2s9_ZWgAAAAJ","SARIEL HAR-PELED ",0,2,"CS","CS"
"164","q82gOawAAAAJ","BORIS ARONOV ",0,6,"CS","CS"
"165","fIoDWp8AAAAJ","JACK SCOTT SNOEYINK ",0,7,"CS","CS"
"166","2SF6AXQAAAAJ","CARLO M CROCE ",0,1,"BIO","XD"
"167","2upx1AcAAAAJ","KEVIN L GRIFFIN ",0,1,"BIO","BIO"
"168","whhr40wAAAAJ","CHRISTOPHER B FIELD ",0,1,"BIO","BIO"
"169","2vQRGrYAAAAJ","DAVID R KARGER ",0,4,"CS","CS"
"170","r49_E2cAAAAJ","CLIFFORD STEIN ",0,7,"CS","CS"
"171","Yy6xbCYAAAAJ","MARTI A HEARST ",0,1,"CS","CS"
"172","RUP4S68AAAAJ","SANJEEV ARORA ",0,2,"CS","CS"
"173","2X5Wru0AAAAJ","ALAN M FRIEDMAN ",0,1,"BIO","BIO"
"174","HVtSJJsAAAAJ","YOUSIF SHAMOO ",0,1,"BIO","BIO"
"175","2X6fAZgAAAAJ","ZHI LI ZHANG ",0,1,"CS","CS"
"176","30fyS8EAAAAJ","MICHAEL BORIS RABINOVICH ",0,1,"CS","CS"
"177","NhY4TT4AAAAJ","EDWARD D LAZOWSKA ",0,8,"CS","CS"
"178","37frPb8AAAAJ","SALIL PRAVIN VADHAN ",0,1,"CS","CS"
"179","gqB23VMAAAAJ","AMIT SAHAI ",0,1,"CS","CS"
"180","38ev4xkAAAAJ","DAVID F FERNANDEZ-BACA ",0,1,"CS","CS"
"181","VoAHydgAAAAJ","DAN GUSFIELD ",0,2,"CS","CS"
"182","3meGuI8AAAAJ","SUSAN IRMA GIBSON ",0,1,"BIO","XD"
"183","PyuqtQcAAAAJ","JAMES LESLIE BECK ",0,3,"CS","XD"
"184","3pZs3j0AAAAJ","SHREE K NAYAR ",0,1,"CS","CS"
"185","LQ87h3sAAAAJ","TAKEO KANADE ",0,12,"CS","CS"
"186","3S5qpXsAAAAJ","CARL A GUNTER ",0,1,"CS","CS"
"187","kWnv_YkAAAAJ","RAJEEV ALUR ",0,4,"CS","CS"
"188","3siz6_0AAAAJ","MATTHEW D STONE ",0,2,"CS","CS"
"189","wkC9xHMAAAAJ","JUSTINE CASSELL ",0,2,"CS","CS"
"190","e8e5qGcAAAAJ","NORMAN I BADLER ",0,5,"CS","CS"
"191","3xIRwTgAAAAJ","BARNEY A SCHLINGER ",0,1,"BIO","BIO"
"192","aiMWCUwAAAAJ","ARTHUR P ARNOLD ",0,1,"BIO","BIO"
"193","3XYmsKQAAAAJ","MUKKAI S KRISHNAMOORTHY ",0,2,"CS","CS"
"194","nztNRM0AAAAJ","MAHESH VISWANATHAN ",0,1,"CS","CS"
"195","U-0PM_cAAAAJ","B DAVID SAUNDERS ",0,1,"CS","CS"
"196","3_WYcR4AAAAJ","DEBORAH E ESTRIN ",0,5,"CS","CS"
"197","CZyWk8kAAAAJ","LIXIA ZHANG ",0,3,"CS","CS"
"198","41m5j04AAAAJ","CHILUKURI KRISHNA MOHAN ",0,1,"CS","CS"
"199","j7WSgbwAAAAJ","SANJAY RANKA ",0,5,"CS","CS"
"200","4arkOLcAAAAJ","OUSSAMA KHATIB ",0,1,"CS","CS"
"201","4esyQS4AAAAJ","ANSELM CYRIL BLUMER ",0,1,"CS","CS"
"202","JXsWja0AAAAJ","ROSS M MCCONNELL ",0,1,"CS","CS"
"203","4LCdnkYAAAAJ","GREGORY R ANDREWS ",0,2,"CS","CS"
"204","4Mj-BjwAAAAJ","MARY JANE IRWIN ",0,2,"CS","XD"
"205","UUAn_V8AAAAJ","DOUGLAS S REEVES ",0,5,"CS","CS"
"206","4n8JCSgAAAAJ","RALF D BROWN ",0,3,"CS","CS"
"207","nv-MV58AAAAJ","CHRIS CALLISON-BURCH ",0,1,"CS","CS"
"208","55fqxgwAAAAJ","ROBERT E FREDERKING ",0,1,"CS","CS"
"209","4OOz4DcAAAAJ","JOHN DORRANCE MINNA ",0,3,"BIO","BIO"
"210","QKDzX08AAAAJ","JON M HUIBREGTSE ",0,1,"BIO","BIO"
"211","MK2UiHcAAAAJ","WAYNE F ANDERSON ",0,1,"BIO","BIO"
"212","4pkd0FsAAAAJ","RICHARD L STROSHINE ",0,1,"BIO","BIO"
"213","TVIMFxkAAAAJ","JOSEPH MK IRUDAYARAJ ",0,1,"BIO","BIO"
"214","4PYV1OEAAAAJ","SAMUEL SH WANG ",0,1,"BIO","XD"
"215","4q6YakgAAAAJ","JAMES J CIMINO ",0,4,"BIO","BIO"
"216","OOLe2TIAAAAJ","CAROL FRIEDMAN ",0,3,"BIO","XD"
"217","pNKH6b8AAAAJ","SOUMITRA SENGUPTA ",0,4,"BIO","XD"
"218","hgUGouQAAAAJ","GEORGE M HRIPCSAK ",0,3,"BIO","BIO"
"219","8v3hRYcAAAAJ","JAMES JEFFREY BULL ",0,6,"BIO","BIO"
"220","4tJhnt8AAAAJ","JOHN R ROTH ",0,1,"BIO","BIO"
"221","4Ts9jNQAAAAJ","ALAN D SUSSMAN ",0,5,"CS","CS"
"222","kOUPR1sAAAAJ","GAGAN AGRAWAL ",0,1,"CS","CS"
"223","4uiMIaEAAAAJ","THOMAS L CASAVANT ",0,1,"BIO","XD"
"224","uc8_eH0AAAAJ","MIKHAIL J ATALLAH ",0,4,"CS","XD"
"225","4veQB4cAAAAJ","NORMAN ARNHEIM ",0,3,"BIO","BIO"
"226","7X0YfAcAAAAJ","FENGZHU SUN ",0,1,"BIO","BIO"
"227","hKeWP2sAAAAJ","HARRIS A LEWIN ",0,1,"BIO","BIO"
"228","IPbxgZkAAAAJ","RICHARD A FLAVELL ",0,7,"BIO","XD"
"229","4VJre9IAAAAJ","JOHN A STANKOVIC ",0,4,"CS","CS"
"230","bkN-YUkAAAAJ","CHARLES CHILTON WEEMS ",0,9,"CS","CS"
"231","4XyoYbAAAAAJ","GARY M OLSON ",0,5,"CS","XD"
"232","xfwOz_kAAAAJ","JUDITH S OLSON ",0,3,"CS","CS"
"233","HKGYvu4AAAAJ","ROBERT E KRAUT ",0,3,"CS","CS"
"234","vUDs6oEAAAAJ","JOHN S OLSON ",0,5,"BIO","XD"
"235","usw1MV0AAAAJ","J AN CHEN ",0,9,"CS","XD"
"236","9s9o-JcAAAAJ","DAVID D CLARK ",0,4,"CS","CS"
"237","nt2k598AAAAJ","JOEL E KOSTKA ",0,1,"BIO","BIO"
"238","56qcx4MAAAAJ","DANIEL D CORKILL ",0,1,"CS","CS"
"239","izMnGyMAAAAJ","VICTOR R LESSER ",0,6,"CS","CS"
"240","5C4hZEgAAAAJ","KATHRYN L COTTINGHAM ",0,1,"BIO","BIO"
"241","5CH2x_YAAAAJ","NANCY A MORAN ",0,1,"BIO","BIO"
"242","5H0arvkAAAAJ","DAVID ALEXANDER FORSYTH ",0,1,"CS","CS"
"243","5iXE9k0AAAAJ","JERRY WILLIAM SHAY ",0,1,"BIO","BIO"
"244","5m-oAesAAAAJ","SARITA V ADVE ",0,6,"CS","CS"
"245","z28ApZkAAAAJ","ALAN L COX ",0,4,"CS","CS"
"246","L1pb8GUAAAAJ","SANDHYA DWARKADAS ",0,2,"CS","CS"
"247","tp07xT0AAAAJ","JOHN L HENNESSY ",0,7,"CS","CS"
"248","5OSMezYAAAAJ","MARY C FARACH-CARSON ",0,1,"BIO","BIO"
"249","chwPsSIAAAAJ","DANIEL D CARSON ",0,2,"BIO","BIO"
"250","5PboKNAAAAAJ","DOUGLAS C MONTGOMERY ",0,1,"CS","CS"
"251","_ejcrb8AAAAJ","RONALD G ASKIN ",0,1,"CS","CS"
"252","5tk1PV8AAAAJ","THORSTEN JOACHIMS ",0,1,"CS","CS"
"253","5wgTi1AAAAAJ","STEPHANE LAFORTUNE ",0,2,"CS","CS"
"254","rfayeocAAAAJ","FRED LEWIS TERRY ",0,3,"CS","CS"
"255","heYuqBkAAAAJ","JESSY W GRIZZLE ",0,2,"CS","CS"
"256","628Jn7UAAAAJ","STUART CHARLES SHAPIRO ",0,4,"CS","CS"
"257","Y0E0lsgAAAAJ","MITCHELL WAND ",0,2,"CS","CS"
"258","tI8OPH0AAAAJ","WILLIAM J RAPAPORT ",0,3,"CS","CS"
"259","p5oWQ0AAAAAJ","TIM FININ ",0,2,"CS","CS"
"260","blwKAkUAAAAJ","RALPH GRISHMAN ",0,8,"CS","XD"
"261","DknsgF8AAAAJ","SALVATORE J STOLFO ",0,9,"CS","XD"
"262","6enh82kAAAAJ","VENKAT N VENKATAKRISHNAN ",0,1,"CS","CS"
"263","6HE56R8AAAAJ","DENNIS M VOLPANO ",0,1,"CS","CS"
"264","Ormag-QAAAAJ","DAVID GRIES ",0,7,"CS","CS"
"265","6hPAjdYAAAAJ","ALAN RICHARD TALL ",0,1,"BIO","BIO"
"266","6IHX8J4AAAAJ","HENNING GUNTHER SCHULZRINNE ",0,2,"CS","CS"
"267","6II-xhMAAAAJ","DOROTHY A SCHAFER ",0,2,"BIO","BIO"
"268","EGnp1r8AAAAJ","JEFF GELLES ",0,3,"BIO","BIO"
"269","6JEDxqcAAAAJ","ANAND RANGARAJAN ",0,1,"CS","CS"
"270","6KUiLfAAAAAJ","DEAN R APPLING ",0,1,"BIO","BIO"
"271","DxSdANoAAAAJ","JAMES V STAROS ",0,1,"BIO","BIO"
"272","6P4bGWAAAAAJ","RAJIV GUPTA ",0,2,"CS","CS"
"273","KWiJaj8AAAAJ","MARY LOU SOFFA ",0,1,"CS","CS"
"274","YrihYtsAAAAJ","RASTISLAV BODIK ",0,1,"CS","CS"
"275","6pG19JoAAAAJ","JEANNE F LORING ",0,1,"BIO","BIO"
"276","V5FJ6pIAAAAJ","THOMAS H CORMEN ",0,3,"CS","CS"
"277","Jlv4MR4AAAAJ","AVRIM L BLUM ",0,8,"CS","CS"
"278","tu39-p8AAAAJ","MARGRIT BETKE ",0,1,"CS","CS"
"279","6s2hs3oAAAAJ","ALVIN R LEBECK ",0,3,"CS","CS"
"280","UCiXhq4AAAAJ","DAVID A WOOD ",0,8,"CS","CS"
"281","TOmDIqIAAAAJ","ANNE ROGERS ",0,5,"CS","CS"
"282","6t7Zm4oAAAAJ","GERRIT HOOGENBOOM ",0,1,"BIO","BIO"
"283","7cys8kgAAAAJ","JAMES W JONES ",0,5,"BIO","BIO"
"284","6vXTtDQAAAAJ","SAMIR KHULLER ",0,3,"CS","CS"
"285","_nyTrU0AAAAJ","NEAL E YOUNG ",0,1,"CS","CS"
"286","KICA5DoAAAAJ","JOSEPH SB MITCHELL ",0,8,"CS","XD"
"287","gVUD47sAAAAJ","PHILIP NATHAN KLEIN ",0,5,"CS","CS"
"288","E1cp_aYAAAAJ","BRAD A MYERS ",0,6,"CS","CS"
"289","GmcChLIAAAAJ","JAMES D FOLEY ",0,3,"CS","CS"
"290","l7nsfT4AAAAJ","ELIZABETH D MYNATT ",0,2,"CS","CS"
"291","PogsVkYAAAAJ","STEVEN K FEINER ",0,5,"CS","CS"
"292","7btxQB0AAAAJ","FAWWAZ TAYSSIR ULABY ",0,1,"CS","CS"
"293","u0BOuAsAAAAJ","KAMAL SARABANDI ",0,1,"CS","CS"
"294","7BVA7tsAAAAJ","RUSTOM ANTIA ",0,2,"BIO","BIO"
"295","zLS4alQAAAAJ","BRUCE RICHARD LEVIN ",0,5,"BIO","BIO"
"296","upKiqHMAAAAJ","CARL T BERGSTROM ",0,1,"BIO","BIO"
"297","so6wKTcAAAAJ","GREGORY ALAN KIKER ",0,1,"BIO","BIO"
"298","GREz0H0AAAAJ","CLYDE WILLIAM FRAISSE ",0,1,"BIO","BIO"
"299","nK3RdOIAAAAJ","G SINGH ",0,4,"BIO","XD"
"300","g_oE5yUAAAAJ","RAY ALLEN BUCKLIN ",0,1,"BIO","BIO"
"301","9HNdszIAAAAJ","SCOTT DAVID STOLLER ",0,2,"CS","CS"
"302","EFEC_toAAAAJ","BRUCE G BUCHANAN ",0,4,"CS","XD"
"303","7egtxu0AAAAJ","CHARLES V STEWART ",0,1,"CS","CS"
"304","7FXtL98AAAAJ","DHABALESWAR K PANDA ",0,4,"CS","CS"
"305","U9bcQkMAAAAJ","SANDEEP KS GUPTA ",0,3,"CS","CS"
"306","MJyWxOYAAAAJ","RAVI PRAKASH ",0,1,"CS","CS"
"307","JN4tlsMAAAAJ","P SADAYAPPAN ",0,3,"CS","CS"
"308","7K34d7cAAAAJ","SEBASTIAN B THRUN ",0,3,"CS","CS"
"309","MnfzuPYAAAAJ","TOM M MITCHELL ",0,9,"CS","CS"
"310","DqXsbPAAAAAJ","DIETER FOX ",0,1,"CS","CS"
"311","t-VqN7sAAAAJ","REID G SIMMONS ",0,4,"CS","CS"
"312","7lVfIWYAAAAJ","MARK DONALD HILL ",0,8,"CS","CS"
"313","nDH-AqwAAAAJ","JOHN K OUSTERHOUT ",0,7,"CS","CS"
"314","7P3t1woAAAAJ","DAVID C RICHARDSON ",0,3,"BIO","XD"
"315","b053OdAAAAAJ","AMITABH VARSHNEY ",0,5,"CS","XD"
"316","X08l_4IAAAAJ","DINESH MANOCHA ",0,4,"CS","XD"
"317","7QmEsOwAAAAJ","YIANNIS ALOIMONOS ",0,1,"CS","CS"
"318","v6PsQKIAAAAJ","DAVID M MOUNT ",0,5,"CS","CS"
"319","7vK1GRIAAAAJ","STEVEN HOMER ",0,1,"CS","CS"
"320","8ExiKC0AAAAJ","ALAN L SELMAN ",0,6,"CS","CS"
"321","81cvn3sAAAAJ","YANNIS G PAPAKONSTANTINOU ",0,2,"CS","CS"
"322","bAa___kAAAAJ","HECTOR GARCIA-MOLINA ",0,12,"CS","CS"
"323","zdKmnYwAAAAJ","JENNIFER WIDOM ",0,5,"CS","CS"
"324","85KkItgAAAAJ","DANIEL J COSGROVE ",0,2,"BIO","BIO"
"325","9EJnQ4IAAAAJ","EDGAR P SPALDING ",0,1,"BIO","BIO"
"326","89vejUwAAAAJ","TED HERMAN ",0,2,"CS","CS"
"327","Bn0zSwQAAAAJ","ANISH KUMAR ARORA ",0,2,"CS","CS"
"328","8AkiZd8AAAAJ","MICHAEL GLOTZER ",0,1,"BIO","BIO"
"329","OGR--C0AAAAJ","JEAN GAUTIER ",0,2,"BIO","BIO"
"330","8enm19QAAAAJ","JOEL H ROTHMAN ",0,1,"BIO","BIO"
"331","IwkyeWgAAAAJ","CRAIG P HUNTER ",0,1,"BIO","BIO"
"332","_LsUHeoAAAAJ","LANE A HEMASPAANDRA ",0,1,"CS","CS"
"333","gg4kYgwAAAAJ","EDWARD A FOX ",0,6,"CS","CS"
"334","LPTkkxUAAAAJ","NANCY ANN LYNCH ",0,7,"CS","CS"
"335","hgOSI1EAAAAJ","RICHARD E LADNER ",0,7,"CS","CS"
"336","8fztli4AAAAJ","KEN Y GOLDBERG ",0,2,"CS","CS"
"337","D_JpQnAAAAAJ","MATTHEW T MASON ",0,5,"CS","XD"
"338","LAv0HTEAAAAJ","JOHN F CANNY ",0,6,"CS","CS"
"339","8iQk0DIAAAAJ","MICHAEL J KEARNS ",0,9,"CS","CS"
"340","BD8llAEAAAAJ","H SEBASTIAN SEUNG ",0,3,"CS","XD"
"341","pZhZndYAAAAJ","RONITT RUBINFELD ",0,2,"CS","CS"
"342","pJ28HA0AAAAJ","BART SELMAN ",0,3,"CS","CS"
"343","WxQyOYQAAAAJ","HENRY A KAUTZ ",0,2,"CS","CS"
"344","8kA3eDwAAAAJ","JAMES M REHG ",0,1,"CS","CS"
"345","8Lp0W54AAAAJ","RAMIN D ZABIH ",0,2,"CS","CS"
"346","runT3RsAAAAJ","RAJ JAIN ",0,3,"CS","CS"
"347","8nk9k5oAAAAJ","KENNETH WINGATE REGAN ",0,1,"CS","CS"
"348","Yn-Lm_QAAAAJ","JIN-YI CAI ",0,3,"CS","CS"
"349","8odG5jkAAAAJ","KEITH S DECKER ",0,1,"CS","CS"
"350","8ro0mcwAAAAJ","C YUNG YU ",0,1,"BIO","BIO"
"351","Nf4vo2UAAAAJ","LAI CHU WU ",0,1,"BIO","BIO"
"352","NjfTEZsAAAAJ","CURTIS M LIVELY ",0,2,"BIO","BIO"
"353","BMcwwBgAAAAJ","LYNDA F DELPH ",0,2,"BIO","BIO"
"354","TUgQVOYAAAAJ","DAVID M HILLIS ",0,4,"BIO","BIO"
"355","rQ0w89cAAAAJ","JOHN P HUELSENBECK ",0,3,"BIO","BIO"
"356","OtbhlmIAAAAJ","WILLIAM R RICE ",0,2,"BIO","BIO"
"357","8vsRBCgAAAAJ","ROBERT K PEET ",0,1,"BIO","BIO"
"358","Jq3hCsYAAAAJ","PETER S WHITE ",0,1,"BIO","BIO"
"359","910z20QAAAAJ","DANIELA LUCIA RUS ",0,2,"CS","CS"
"360","TkayRqQAAAAJ","BRUCE RANDALL DONALD ",0,3,"CS","CS"
"361","9177npMAAAAJ","YUAN-FANG WANG ",0,8,"CS","CS"
"362","gEMiMt0AAAAJ","TAO YANG ",0,2,"CS","CS"
"363","92mdADUAAAAJ","MILOS D ERCEGOVAC ",0,1,"CS","CS"
"364","93yNuV0AAAAJ","KATHERINE A YELICK ",0,4,"CS","CS"
"365","EnCwNycAAAAJ","ARVIND KRISHNAMURTHY ",0,3,"CS","CS"
"366","MYqlcPgAAAAJ","THOMAS E ANDERSON ",0,8,"CS","XD"
"367","9bAg9PwAAAAJ","ZACHARY A WOOD ",0,1,"BIO","BIO"
"368","l_K1pgUAAAAJ","STEPHEN L HAJDUK ",0,1,"BIO","BIO"
"369","9CC9gHoAAAAJ","THOMAS B SMITH ",0,1,"BIO","BIO"
"370","Vm3QdpkAAAAJ","ROBERT K WAYNE ",0,1,"BIO","BIO"
"371","9lLUAyIAAAAJ","DOUGLAS E NORRIS ",0,1,"BIO","BIO"
"372","luouyakAAAAJ","MICHAEL LEVIN ",0,1,"BIO","BIO"
"373","9MSpWOUAAAAJ","KAI LI ",0,7,"CS","CS"
"374","9ZGqm5QAAAAJ","ANNA R KARLIN ",0,4,"CS","CS"
"375","watx0IAAAAAJ","EDWARD WILLIAM FELTEN ",0,4,"CS","CS"
"376","CIh57tYAAAAJ","LIVIU IFTODE ",0,1,"CS","CS"
"377","9OukeycAAAAJ","ZHONG SHAO ",0,2,"CS","CS"
"378","hz1S-asAAAAJ","JOHN H REPPY ",0,3,"CS","CS"
"379","9VDFIQoAAAAJ","LENWOOD SCOTT HEATH ",0,2,"CS","CS"
"380","v0tJmyYAAAAJ","CLIFFORD A SHAFFER ",0,6,"CS","CS"
"381","9Yd716IAAAAJ","CHITTA R BARAL ",0,1,"CS","CS"
"382","9yLaBrYAAAAJ","GEORGE A GEORGIOU ",0,1,"BIO","BIO"
"383","mF8cdJUAAAAJ","DAVID B WILSON ",0,3,"BIO","XD"
"384","9Yuk3WgAAAAJ","STEPHEN SEAN INTILLE ",0,1,"CS","CS"
"385","rynvwScAAAAJ","AARON F BOBICK ",0,1,"CS","CS"
"386","ymwKqZsAAAAJ","HENRY M LEVY ",0,5,"CS","CS"
"387","O_7MVDIAAAAJ","ELI UPFAL ",0,2,"CS","CS"
"388","a-qMWpwAAAAJ","JOHN PATRICK HAYES ",0,4,"CS","XD"
"389","ypOvMY0AAAAJ","QUENTIN F STOUT ",0,4,"CS","CS"
"390","R_VPUyEAAAAJ","KRISHNENDU CHAKRABARTY ",0,1,"CS","CS"
"391","A1NhsZgAAAAJ","STEPHEN NOWICKI ",0,1,"BIO","BIO"
"392","_WxLkC8AAAAJ","JEFFREY PODOS ",0,1,"BIO","BIO"
"393","A2fiOI0AAAAJ","HAVA TOVA SIEGELMANN ",0,2,"CS","CS"
"394","sAkg9T8AAAAJ","C LEE GILES ",0,2,"CS","CS"
"395","fGcKnpIAAAAJ","BHASKAR DASGUPTA ",0,1,"CS","CS"
"396","A2t0N8AAAAAJ","RUTH G SHAW ",0,4,"BIO","BIO"
"397","Yy5PenMAAAAJ","GERALD S WILKINSON ",0,1,"BIO","BIO"
"398","iSSbrhwAAAAJ","THEODORE GARLAND ",0,6,"BIO","XD"
"399","A45mhtsAAAAJ","LISA HELLERSTEIN ",0,6,"CS","CS"
"400","bxi6JXYAAAAJ","DANA ANGLUIN ",0,2,"CS","CS"
"401","a7LHl00AAAAJ","JOACHIM FRANK ",0,2,"BIO","BIO"
"402","RXOSedcAAAAJ","MARCO COLOMBINI ",0,1,"BIO","BIO"
"403","QgGaAdsAAAAJ","WAH CHIU ",0,3,"BIO","BIO"
"404","a7VNhCIAAAAJ","DIMITRIS N METAXAS ",0,7,"CS","CS"
"405","b0k2tTgAAAAJ","GERARD G MEDIONI ",0,9,"CS","CS"
"406","BJAXIbQAAAAJ","JOSEPH N WILSON ",0,8,"CS","CS"
"407","h20U9WcAAAAJ","PATRICK J FLYNN ",0,10,"CS","CS"
"408","a959F6AAAAAJ","ADAM FINKELSTEIN ",0,1,"CS","CS"
"409","A9tBw58AAAAJ","GENE D COOPERMAN ",0,2,"CS","CS"
"410","I4iKZSkAAAAJ","LARRY FINKELSTEIN ",0,1,"CS","CS"
"411","SbHBJa3S3XgC","HERBERT GRAVES WINFUL ",0,2,"CS","XD"
"412","ABV6wJ4AAAAJ","HARRY W GREENE ",0,1,"BIO","BIO"
"413","G4Np3c0AAAAJ","JONATHAN B LOSOS ",0,4,"BIO","BIO"
"414","AGNttDIAAAAJ","SUSANNE HOFFMANN-BENNING ",0,1,"BIO","BIO"
"415","fJY0snwAAAAJ","CHRISTOPH BENNING ",0,1,"BIO","BIO"
"416","Alc-aWoAAAAJ","KIRK R PRUHS ",0,1,"CS","CS"
"417","ALGiEhQAAAAJ","GEORGE CHEERAN VERGHESE ",0,2,"CS","CS"
"418","DGqqwrQAAAAJ","DAVID JOHN PERREAULT ",0,1,"CS","CS"
"419","XYy_Nm4AAAAJ","ALAN S WILLSKY ",0,1,"CS","CS"
"420","AmaB9c4AAAAJ","NANCY M AMATO ",0,3,"CS","CS"
"421","QaLf6bEAAAAJ","DAVID A PADUA ",0,7,"CS","CS"
"422","ronge0AAAAAJ","LAWRENCE RAUCHWERGER ",0,2,"CS","CS"
"423","aNFzP50AAAAJ","MARTIN A NOWAK ",0,2,"BIO","BIO"
"424","AppFY_IAAAAJ","ANNE ELLEN GIBLIN ",0,4,"BIO","BIO"
"425","qgfEdwUAAAAJ","LINDA A DEEGAN ",0,4,"BIO","BIO"
"426","Jc7sf8YAAAAJ","KNUTE JOHN NADELHOFFER ",0,3,"BIO","BIO"
"427","CIfyNMgAAAAJ","GEORGE W KLING ",0,3,"BIO","BIO"
"428","AQA5QtAAAAAJ","PANOS KYPROS CHRYSANTHIS ",0,1,"CS","CS"
"429","O1FZe5EAAAAJ","DANIEL MOSSE ",0,1,"CS","CS"
"430","aqV5nJ8AAAAJ","M DAVID MARKS ",0,1,"BIO","BIO"
"431","GNEppUEAAAAJ","ALAN M LLOYD ",0,2,"BIO","BIO"
"432","ArqLh94AAAAJ","WILLIAM M BEMENT ",0,1,"BIO","BIO"
"433","cYmUpBQAAAAJ","DAVID G CAPCO ",0,2,"BIO","BIO"
"434","AsyAUTIAAAAJ","ALEXANDER BRODSKY ",0,1,"CS","CS"
"435","YPhI-YsAAAAJ","AMIHAI MOTRO ",0,1,"CS","CS"
"436","ATOfqHEAAAAJ","HANAN SAMET ",0,5,"CS","CS"
"437","vX45evgAAAAJ","WALID G AREF ",0,3,"CS","CS"
"438","aucB85kAAAAJ","AGGELOS K KATSAGGELOS ",0,1,"CS","CS"
"439","LYt_4uIAAAAJ","MAJID SARRAFZADEH ",0,4,"CS","CS"
"440","hwqQOpUAAAAJ","STEVEN M BLOCK ",0,5,"BIO","BIO"
"441","avq8-1QAAAAJ","ROB A RUTENBAR ",0,2,"CS","CS"
"442","d1KEK84AAAAJ","TREVOR NIGEL MUDGE ",0,3,"CS","CS"
"443","HtgKHRIAAAAJ","PRADEEP K KHOSLA ",0,3,"CS","CS"
"444","axOnEnQAAAAJ","ALEXANDER I RUDNICKY ",0,2,"CS","CS"
"445","Py54GcEAAAAJ","ALEXANDER G HAUPTMANN ",0,4,"CS","CS"
"446","aYoIn9UAAAAJ","MICHAEL GEORGE HAHN ",0,1,"BIO","BIO"
"447","vqCQtQEAAAAJ","WILLIAM S YORK ",0,1,"BIO","BIO"
"448","AYT3-TcAAAAJ","DALE H CLAYTON ",0,1,"BIO","BIO"
"449","IWdFbTQAAAAJ","BARBARA A BLOCK ",0,2,"BIO","BIO"
"450","azVcOOgAAAAJ","WILLIAM MADISON LEWIS ",0,1,"BIO","BIO"
"451","MCWcNrgAAAAJ","NELSON GEORGE HAIRSTON ",0,1,"BIO","BIO"
"452","b-GJ3QIAAAAJ","RONALD EDWARD PARR ",0,1,"CS","CS"
"453","b-t2E4wAAAAJ","YINGMING ZHAO ",0,1,"BIO","BIO"
"454","rPDABdMAAAAJ","BRIAN T CHAIT ",0,3,"BIO","BIO"
"455","VFMbBPgAAAAJ","JAN F PRINS ",0,3,"CS","CS"
"456","Q_4d9N0AAAAJ","GREG TURK ",0,2,"CS","CS"
"457","fDdcWBEAAAAJ","ARIE KAUFMAN ",0,2,"CS","CS"
"458","EUMYhUvzt6IC","RAMAKANT NEVATIA ",0,1,"CS","CS"
"459","Dzf46C8AAAAJ","HUAN LIU ",0,1,"CS","CS"
"460","b2f-PjYAAAAJ","DOUGLAS E COMER ",0,3,"CS","CS"
"461","wtZwMSgAAAAJ","DANIEL BARBARA ",0,6,"CS","CS"
"462","Ff6era8AAAAJ","LUIS GRAVANO ",0,2,"CS","CS"
"463","C_cWJIkAAAAJ","CHRIS CLIFTON ",0,3,"CS","CS"
"464","BDYIAe4AAAAJ","JAMES E DAVIS ",0,2,"CS","CS"
"465","LW4lnZYAAAAJ","SUSAN B DAVIDSON ",0,3,"CS","CS"
"466","nvKQ7JQAAAAJ","PETER SCHEUERMANN ",0,2,"CS","CS"
"467","BaI7l8QAAAAJ","SOMESH JHA ",0,1,"CS","CS"
"468","bAipNH8AAAAJ","JUDEA PEARL ",0,2,"CS","CS"
"469","Uph176YAAAAJ","RINA DECHTER ",0,1,"CS","CS"
"470","BbzYzsgAAAAJ","ERIC ALLEN BREWER ",0,2,"CS","CS"
"471","xdGKgtcAAAAJ","ANTHONY D JOSEPH ",0,1,"CS","CS"
"472","BbzZlWsAAAAJ","DANIEL M FLEETWOOD ",0,1,"CS","CS"
"473","n7Z3EDsAAAAJ","RONALD D SCHRIMPF ",0,1,"CS","CS"
"474","bCTAqq4AAAAJ","TEOFILO F GONZALEZ ",0,1,"CS","CS"
"475","jGboazkAAAAJ","DAVID R NELSON ",0,2,"BIO","XD"
"476","BEEuinQAAAAJ","DEAN MICHAEL TULLSEN ",0,1,"CS","CS"
"477","BFNNvUYAAAAJ","STEPHEN CARLYLE WINANS ",0,3,"BIO","XD"
"478","uczqEdUAAAAJ","LU WANG ",0,2,"CS","XD"
"479","LAPAOIUAAAAJ","JOHN D HELMANN ",0,2,"BIO","XD"
"480","BghVDhgAAAAJ","THOMAS ALLEN FUNKHOUSER ",0,1,"CS","CS"
"481","RzEnQmgAAAAJ","PAT HANRAHAN ",0,3,"CS","CS"
"482","BGRij7sAAAAJ","JOSEPH DANIEL BUXBAUM ",0,1,"BIO","BIO"
"483","bh-uRFMAAAAJ","TREVOR J DARRELL ",0,3,"CS","CS"
"484","XM97iScAAAAJ","IRFAN AZIZ ESSA ",0,2,"CS","CS"
"485","nXBQn7gAAAAJ","STAN SCLAROFF ",0,2,"CS","CS"
"486","oAMW4OEAAAAJ","MICAH BECK ",0,3,"CS","CS"
"487","BhIIVrQAAAAJ","KAM WENG LEONG ",0,1,"BIO","BIO"
"488","WnJPVDMAAAAJ","W MARK SALTZMAN ",0,1,"BIO","BIO"
"489","GD3jwG8AAAAJ","PAUL D GADER ",0,1,"CS","CS"
"490","bkKzaV8AAAAJ","DAVID ALASTAIR BAUM ",0,1,"BIO","BIO"
"491","BkrB4awAAAAJ","RICHARD THOMAS SNODGRASS ",0,2,"CS","CS"
"492","jUzA3H8AAAAJ","DON S BATORY ",0,5,"CS","CS"
"493","y768HUkAAAAJ","GULTEKIN OZSOYOGLU ",0,2,"CS","CS"
"494","HaI6LesAAAAJ","MARC SNIR ",0,7,"CS","CS"
"495","BMydCgcAAAAJ","CAROLYN PENSTEIN ROSE ",0,2,"CS","CS"
"496","I4TkqC0AAAAJ","BARBARA DI EUGENIO ",0,2,"CS","CS"
"497","ElqwScwAAAAJ","GEORGE KARYPIS ",0,1,"CS","CS"
"498","fez4ulcAAAAJ","DANA S NAU ",0,4,"CS","CS"
"499","p26NfLgAAAAJ","SHASHI SHEKHAR ",0,2,"CS","CS"
"500","PHGvd5cAAAAJ","RABI N MAHAPATRA ",0,1,"CS","CS"
"501","bqkhX54AAAAJ","SURESH JAGANNATHAN ",0,1,"CS","CS"
"502","bqlarqIAAAAJ","YING ZHANG ",0,1,"BIO","BIO"
"503","Br2CnUYAAAAJ","VLADIMIR BULOVIC ",0,1,"CS","CS"
"504","gAP-9H8AAAAJ","STEPHEN R FORREST ",0,1,"CS","CS"
"505","bRjJOrMAAAAJ","SCOTT FRASER SMITH ",0,1,"CS","CS"
"506","orHlhhQAAAAJ","GUL A AGHA ",0,4,"CS","CS"
"507","bWL2gvUAAAAJ","CHARLES JOEL ARNTZEN ",0,1,"BIO","BIO"
"508","NQLfHBIAAAAJ","HUGH STANLEY MASON ",0,1,"BIO","BIO"
"509","bWTPrLEAAAAJ","JOHN N TSITSIKLIS ",0,2,"CS","CS"
"510","VUmcVOAAAAAJ","DIMITRI P BERTSEKAS ",0,1,"CS","CS"
"511","rXYLXJMAAAAJ","CHRISTOS H PAPADIMITRIOU ",0,7,"CS","CS"
"512","C1VwgssAAAAJ","BERNARD MARIE CHAZELLE ",0,4,"CS","CS"
"513","p2ttvlEAAAAJ","RICHARD JOHN COLE ",0,5,"CS","CS"
"514","zO6kmIAAAAAJ","CHEE K YAP ",0,6,"CS","CS"
"515","ca_O-WQAAAAJ","LARRY F ABBOTT ",0,1,"BIO","BIO"
"516","cF6i_goAAAAJ","SAMAN PRABHATH AMARASINGHE ",0,1,"CS","CS"
"517","CfnktjkAAAAJ","JOAN ELIZABETH STRASSMANN ",0,1,"BIO","BIO"
"518","x8Cp75oAAAAJ","DAVID C QUELLER ",0,1,"BIO","BIO"
"519","ChtFYsIAAAAJ","JOY B ZEDLER ",0,1,"BIO","BIO"
"520","z-D5f6gAAAAJ","PEGGY FONG ",0,1,"BIO","BIO"
"521","R2isddoAAAAJ","HAROLD P ERICKSON ",0,3,"BIO","BIO"
"522","CK_GLC8AAAAJ","VICTOR VIANU ",0,1,"CS","CS"
"523","DQaARsgAAAAJ","MOSHE Y VARDI ",0,5,"CS","CS"
"524","cl7CnNYAAAAJ","JOHN RUSSELL GILBERT ",0,1,"CS","CS"
"525","Z6nLCukAAAAJ","GUY E BLELLOCH ",0,5,"CS","CS"
"526","cLjMQqsAAAAJ","MADHAV V MARATHE ",0,1,"CS","CS"
"527","WEQF9DgAAAAJ","RAVI SUNDARAM ",0,2,"CS","CS"
"528","CoxGqVsAAAAJ","ELLIOT M MEYEROWITZ ",0,7,"BIO","BIO"
"529","VVPS_0UAAAAJ","CAREN CHANG ",0,4,"BIO","BIO"
"530","LXVfPc8AAAAJ","ERIC S LANDER ",0,6,"BIO","XD"
"531","iIPwqbMAAAAJ","CHRISTOPHER H MARTIN ",0,2,"BIO","BIO"
"532","p3cwqsYAAAAJ","ZHONGCHI LIU ",0,1,"BIO","BIO"
"533","g5tssnkAAAAJ","G ERIC SCHALLER ",0,2,"BIO","BIO"
"534","_WWra9AAAAAJ","SANDRA L SCHMID ",0,1,"BIO","BIO"
"535","CpBXPVoAAAAJ","NIKIL D DUTT ",0,1,"CS","CS"
"536","oD0ISLcAAAAJ","ALEXANDRU NICOLAU ",0,3,"CS","CS"
"537","CTPwvRMAAAAJ","CAROL SHOSHKES REISS ",0,2,"BIO","BIO"
"538","uc44q3sAAAAJ","JONATHAN D GITLIN ",0,2,"BIO","BIO"
"539","CXAN0i0AAAAJ","PRASAD V TADEPALLI ",0,3,"CS","CS"
"540","xTj2eQwAAAAJ","SRIDHAR MAHADEVAN ",0,2,"CS","CS"
"541","GUAoEcAAAAAJ","SCOTT J SHENKER ",0,3,"CS","CS"
"542","D0lL1r0AAAAJ","PHILIP S YU ",0,2,"CS","CS"
"543","Vbv-JEwAAAAJ","CALTON PU ",0,3,"CS","CS"
"544","LIdVlPsAAAAJ","GAIL E KAISER ",0,3,"CS","CS"
"545","mI3mfHcAAAAJ","JOEL SPRINGER EMER ",0,2,"CS","CS"
"546","D3aAA1wAAAAJ","ANNE E SIMON ",0,1,"BIO","BIO"
"547","JoFVg7cAAAAJ","RUTH R FINKELSTEIN ",0,1,"BIO","BIO"
"548","D6fk8zcAAAAJ","CHRISTINE A RUSHLOW ",0,2,"BIO","BIO"
"549","Q-3EgJ0AAAAJ","JIN JIANG ",0,2,"BIO","BIO"
"550","D6ptFeMAAAAJ","MATTHEW KEITH FRANKLIN ",0,1,"CS","CS"
"551","qAKfQW0AAAAJ","MICHAEL KENDRICK REITER ",0,2,"CS","CS"
"552","d7Gx1QYAAAAJ","MS S DRESSELHAUS ",0,1,"CS","CS"
"553","d9Y04UwAAAAJ","W ERIC WONG ",0,1,"CS","CS"
"554","Da-s1FQAAAAJ","KADANGODE K RAMAKRISHNAN ",0,2,"CS","CS"
"555","DaDmjMMAAAAJ","EMIN GUN SIRER ",0,1,"CS","CS"
"556","_JhgbioAAAAJ","STEFAN ROBERTS SAVAGE ",0,1,"CS","CS"
"557","DaGZRjAAAAAJ","HOWARD OCHMAN ",0,2,"BIO","BIO"
"558","h_MOIUUAAAAJ","DANIEL L HARTL ",0,4,"BIO","BIO"
"559","DbZWZr8AAAAJ","NEIL IMMERMAN ",0,3,"CS","XD"
"560","Dd4dphgAAAAJ","J TROY LITTLETON ",0,1,"BIO","BIO"
"561","DD6_7kwAAAAJ","MARIANNE E BRONNER-FRASER ",0,1,"BIO","BIO"
"562","YTvAfu4AAAAJ","JAMES F REYNOLDS ",0,1,"BIO","BIO"
"563","DeKa-fwAAAAJ","WILLIAM E FRIEDMAN ",0,1,"BIO","BIO"
"564","qqnXTTwAAAAJ","RUSSELL L MALMBERG ",0,1,"BIO","BIO"
"565","dHiM2IcAAAAJ","PHILIPPE MAX FAUCHET ",0,1,"CS","CS"
"566","DI23xwMAAAAJ","JIE YUAN LIU ",0,1,"CS","XD"
"567","R3gBbQ0AAAAJ","J LIN ",0,1,"BIO","XD"
"568","djRAUcYAAAAJ","TOM MANIATIS ",0,4,"BIO","BIO"
"569","waPNWUYAAAAJ","ROSS C HARDISON ",0,4,"BIO","XD"
"570","G-HYm8EAAAAJ","OLIVER J RANDO ",0,1,"BIO","BIO"
"571","ubOEBGYAAAAJ","TED ABEL ",0,1,"BIO","BIO"
"572","zAo6f24AAAAJ","DAVID ELLIOT SHAW ",0,2,"BIO","XD"
"573","zGSP_osAAAAJ","OURI WOLFSON ",0,3,"CS","XD"
"574","dpH_nwUAAAAJ","MICHAEL G ROTH ",0,1,"BIO","BIO"
"575","jo4B96sAAAAJ","KEITH E MOSTOV ",0,3,"BIO","BIO"
"576","DP_EJ4gAAAAJ","DAVID S WILCOVE ",0,1,"BIO","BIO"
"577","S6-gFiMAAAAJ","ANDREW P DOBSON ",0,4,"BIO","BIO"
"578","Lu7biGYAAAAJ","PHOKION G KOLAITIS ",0,2,"CS","CS"
"579","FsBCAfgAAAAJ","JOSEPH Y HALPERN ",0,4,"CS","CS"
"580","_pPy-pAAAAAJ","MIHALIS YANNAKAKIS ",0,7,"CS","CS"
"581","dShqnssAAAAJ","GABOR KARSAI ",0,1,"CS","CS"
"582","taqkLgoAAAAJ","AKOS LEDECZI ",0,1,"CS","CS"
"583","DSiNzkIAAAAJ","ALFRED O HERO ",0,2,"CS","CS"
"584","DW7krlcAAAAJ","DOROTA ZOFIA HAMAN ",0,1,"BIO","BIO"
"585","g26ZEaoAAAAJ","BRIAN JH BOMAN ",0,1,"BIO","BIO"
"586","dWVyVm4AAAAJ","HANS W PAERL ",0,1,"BIO","BIO"
"587","Fz-5bdcAAAAJ","DOUGLAS G CAPONE ",0,2,"BIO","BIO"
"588","dxwra60AAAAJ","BRUCE A FREEMAN ",0,1,"BIO","XD"
"589","mHwonDEAAAAJ","J XU ",0,4,"CS","XD"
"590","dywFuRMAAAAJ","BARTON PAUL MILLER ",0,2,"CS","CS"
"591","DzHPx8IAAAAJ","PAMELA C RONALD ",0,3,"BIO","BIO"
"592","otivCBQAAAAJ","VIRGINIA WALBOT ",0,3,"BIO","BIO"
"593","op3lNakAAAAJ","CHRISTIE E WILLIAMS ",0,1,"BIO","BIO"
"594","dzMhIxQAAAAJ","JOSEPH F KOONCE ",0,1,"BIO","BIO"
"595","gQOKAggAAAAJ","TOMAS LOZANO-PEREZ ",0,4,"CS","CS"
"596","e-c3R8QAAAAJ","ROBERT C MILLER ",0,1,"CS","XD"
"597","FWjqglcAAAAJ","ROBERT JK JACOB ",0,1,"CS","CS"
"598","e1MZuKIAAAAJ","JESSICA KATE HODGINS ",0,1,"CS","CS"
"599","UWZA0v4AAAAJ","JAMES F O'BRIEN ",0,1,"CS","CS"
"600","e4I7ihkAAAAJ","KRSTE ASANOVIC ",0,1,"CS","CS"
"601","r6j_SIcAAAAJ","ALFRED LM BOTHWELL ",0,3,"BIO","BIO"
"602","e4QLgGsAAAAJ","CARL WU ",0,3,"BIO","BIO"
"603","PEcyW5AAAAAJ","STEPHEN A JESCH ",0,1,"BIO","BIO"
"604","tMWwWEAAAAAJ","RICHARD I MORIMOTO ",0,2,"BIO","BIO"
"605","e4_ZXcwAAAAJ","GREG C GIBSON ",0,2,"BIO","BIO"
"606","ms5tVWcAAAAJ","HUGO JOZEF BELLEN ",0,2,"BIO","BIO"
"607","F-MEiNAAAAAJ","MAREK MLODZIK ",0,1,"BIO","BIO"
"608","E5y_8wIAAAAJ","ERIC R PIANKA ",0,2,"BIO","BIO"
"609","jNUs6LsAAAAJ","DAVID B WAKE ",0,6,"BIO","BIO"
"610","E7kDxi4AAAAJ","JEREMY NATHANS ",0,1,"BIO","BIO"
"611","SBkY4KAAAAAJ","CHING HWA SUNG ",0,1,"BIO","BIO"
"612","e7V7-gEAAAAJ","MARK ALAN HOROWITZ ",0,1,"CS","CS"
"613","ujDhg2sAAAAJ","KATHLEEN R MCKEOWN ",0,3,"CS","CS"
"614","e9OxXgwAAAAJ","RICHARD RR MUNTZ ",0,5,"CS","CS"
"615","ONloO5IAAAAJ","DANIEL A MENASCE ",0,1,"CS","CS"
"616","FI5-sZEAAAAJ","SHAHRAM GHANDEHARIZADEH ",0,4,"CS","CS"
"617","uFJi3IUAAAAJ","JOSEPH M HELLERSTEIN ",0,2,"CS","CS"
"618","f8FjAtMAAAAJ","CARLO ZANIOLO ",0,2,"CS","CS"
"619","ea6cjVUAAAAJ","JOHN EDWIN LAIRD ",0,2,"CS","CS"
"620","SeW3bhwAAAAJ","PAUL S ROSENBLOOM ",0,3,"CS","CS"
"621","YOVZiJkAAAAJ","MILIND TAMBE ",0,2,"CS","CS"
"622","ecNmblAAAAAJ","SCOTT ELLIOTT FAHLMAN ",0,4,"CS","CS"
"623","eCv3gnMAAAAJ","SEAN WILLIAM SMITH ",0,1,"CS","XD"
"624","EDC2EP0AAAAJ","JANYCE M WIEBE ",0,2,"CS","CS"
"625","kdv2ajAAAAAJ","ISABEL F CRUZ ",0,2,"CS","CS"
"626","ZcDNvvEAAAAJ","YI-JEN CHIANG ",0,2,"CS","CS"
"627","KIv0fKQAAAAJ","EDWARD HANCE SHORTLIFFE ",0,2,"BIO","XD"
"628","s6XjtCMAAAAJ","RUSS BIAGIO ALTMAN ",0,1,"BIO","XD"
"629","eIYoeT4AAAAJ","CLAYTON H LEWIS ",0,2,"CS","CS"
"630","eJ5nA0kAAAAJ","INJONG RHEE ",0,1,"CS","CS"
"631","EmLddhQAAAAJ","DAVID P CREWS ",0,1,"BIO","BIO"
"632","NoNHPb4AAAAJ","SETH COPEN GOLDSTEIN ",0,4,"CS","CS"
"633","Er-gEaoAAAAJ","JOHN HENRY REIF ",0,8,"CS","CS"
"634","vNCcKo0AAAAJ","PETER GACS ",0,2,"CS","CS"
"635","grYHYo0AAAAJ","VIJAYA RAMACHANDRAN ",0,3,"CS","CS"
"636","EtRpNRAAAAAJ","DANIEL HOWARD COHN ",0,1,"BIO","BIO"
"637","eyq1L0gAAAAJ","NING QIAN ",0,1,"BIO","XD"
"638","m1qAiOUAAAAJ","TERRENCE JOSEPH SEJNOWSKI ",0,3,"CS","XD"
"639","Ezrt3pkAAAAJ","MAURICE P HERLIHY ",0,1,"CS","CS"
"640","uTqQopAAAAAJ","SOMA CHAUDHURI ",0,4,"CS","CS"
"641","F6LzqwMAAAAJ","WILLIAM LOUIS SCHERLIS ",0,1,"CS","CS"
"642","F9kqUXkAAAAJ","PHILLIP B GIBBONS ",0,2,"CS","CS"
"643","FaY_RgsAAAAJ","CRISTINA V LOPES ",0,1,"CS","CS"
"644","pAUVJS0AAAAJ","KARL J LIEBERHERR ",0,2,"CS","CS"
"645","FEBziZ0AAAAJ","BRYAN T GRENFELL ",0,1,"BIO","BIO"
"646","fEVXhhAAAAAJ","KISHOR SHRIDHARBHAI TRIVEDI ",0,1,"CS","CS"
"647","UedS9LQAAAAJ","WEI VIVIAN WANG ",0,3,"CS","CS"
"648","fEYp6hEAAAAJ","TOMASZ IMIELINSKI ",0,5,"CS","CS"
"649","yl3L07sAAAAJ","SUBBARAO KAMBHAMPATI ",0,3,"CS","CS"
"650","FfqHjHoAAAAJ","KATHLEEN SHIVE MATTHEWS ",0,2,"BIO","BIO"
"651","FfSp-toAAAAJ","CHAKRA S CHENNUBHOTLA ",0,1,"BIO","XD"
"652","WH2KmRgAAAAJ","DAVID W JACOBS ",0,3,"CS","XD"
"653","ffUu1PcAAAAJ","RICHARD M STERN ",0,2,"CS","CS"
"654","IWcGY98AAAAJ","BHIKSHA RAJ ",0,1,"CS","CS"
"655","jEdhxGMAAAAJ","CYRUS SHAHABI ",0,1,"CS","CS"
"656","fOznM_YAAAAJ","GANG ZHOU ",0,1,"CS","CS"
"657","-SM7MpYAAAAJ","ROGER ZIMMERMANN ",0,1,"CS","CS"
"658","Al8dyb4AAAAJ","SONG CHUN ZHU ",0,1,"CS","CS"
"659","J8YyZugAAAAJ","PETER N BELHUMEUR ",0,1,"CS","CS"
"660","fljUQhYAAAAJ","JOHN M WARD ",0,1,"BIO","BIO"
"661","FmrDR68AAAAJ","J KENNETH SALISBURY ",0,1,"CS","CS"
"662","fnE2dSoAAAAJ","STEVEN SOL SKIENA ",0,3,"CS","CS"
"663","YGDOoXAAAAAJ","C R RAMAKRISHNAN ",0,1,"CS","CS"
"664","fNW5X34AAAAJ","WILLIAM D BOWMAN ",0,1,"BIO","BIO"
"665","tf-3oyEAAAAJ","STEVEN K SCHMIDT ",0,1,"BIO","BIO"
"666","FPpZDF0AAAAJ","JAMES HARRISON THORP ",0,1,"BIO","BIO"
"667","VZfzecEAAAAJ","ANDREW F CASPER ",0,1,"BIO","BIO"
"668","fqsgCbAAAAAJ","ROBERT B FRANCE ",0,1,"CS","CS"
"669","Ixa74FIAAAAJ","THOMAS B HORTON ",0,1,"CS","CS"
"670","fqy0tRYAAAAJ","JULIO M FERNANDEZ ",0,1,"BIO","BIO"
"671","FrMOlk8AAAAJ","RIDA A BAZZI ",0,1,"CS","CS"
"672","xkCYK58AAAAJ","MUSTAQUE AHAMAD ",0,7,"CS","CS"
"673","frOtmtAAAAAJ","SAMIR RANJAN DAS ",0,1,"CS","CS"
"674","q1bkP7AAAAAJ","RICHARD M FUJIMOTO ",0,4,"CS","CS"
"675","ve5gS08AAAAJ","LENORE D ZUCK ",0,4,"CS","XD"
"676","FUJJ66cAAAAJ","MARK A CHAPPELL ",0,2,"BIO","XD"
"677","FuOqWNEAAAAJ","VLADIMIR LIFSCHITZ ",0,2,"CS","CS"
"678","IdRYT-8AAAAJ","KENNETH D FORBUS ",0,1,"CS","CS"
"679","VjvupJUAAAAJ","JED A FUHRMAN ",0,2,"BIO","BIO"
"680","g--NxecAAAAJ","ELLEN LOUISE SIMMS ",0,1,"BIO","BIO"
"681","SJ7rKLoAAAAJ","TODD J VISION ",0,1,"BIO","BIO"
"682","g-WedwYAAAAJ","GEORGE KESIDIS ",0,1,"CS","CS"
"683","XG6aM5EAAAAJ","SHAHID NAEEM ",0,2,"BIO","BIO"
"684","NDit5dwAAAAJ","C DAVIS JAMES ",0,1,"BIO","BIO"
"685","G6kA1CMAAAAJ","HAESUN PARK ",0,2,"CS","CS"
"686","G6XN5cRm0FIJ","ERIC HAROLD NYBERG ",0,2,"CS","CS"
"687","GAOlOs4AAAAJ","MICHAEL W NACHMAN ",0,1,"BIO","BIO"
"688","lR-CRA0AAAAJ","CHARLES F AQUADRO ",0,3,"BIO","BIO"
"689","gaXiAekAAAAJ","STEVEN MARK NOWICK ",0,2,"CS","CS"
"690","uvoOgnwAAAAJ","GANESH C GOPALAKRISHNAN ",0,2,"CS","CS"
"691","gb2r2ssAAAAJ","ALFRED VAINO AHO ",0,2,"CS","CS"
"692","gglBK4QAAAAJ","ERNESTO I FREIRE ",0,1,"BIO","BIO"
"693","uEC8IQQAAAAJ","VINCENT J HILSER ",0,1,"BIO","BIO"
"694","GglcIVYAAAAJ","MICHAEL JOHN SANDERSON ",0,2,"BIO","BIO"
"695","p2Kq0Q4AAAAJ","RICHARD E MICHOD ",0,3,"BIO","BIO"
"696","su0fdf0AAAAJ","MARTIN F WOJCIECHOWSKI ",0,2,"BIO","BIO"
"697","jpXyNF8AAAAJ","GOPALAN NADATHUR ",0,2,"CS","CS"
"698","Gjll3ewAAAAJ","DORIS WAGNER ",0,2,"BIO","BIO"
"699","uurQUZIAAAAJ","DAVID E SOMERS ",0,2,"BIO","BIO"
"700","JQWeCFAAAAAJ","KATAYOON DEHESH ",0,2,"BIO","BIO"
"701","GkvvVp8AAAAJ","SUSAN RUTHERFORD MCCOUCH ",0,1,"BIO","BIO"
"702","wSslNAcAAAAJ","STEPHEN M HEDRICK ",0,2,"BIO","BIO"
"703","tzxERCwAAAAJ","KENNETH B KAPLAN ",0,1,"BIO","BIO"
"704","GlqwYCwAAAAJ","GEORGE N PHILLIPS ",0,4,"BIO","XD"
"705","svnoYbAAAAAJ","KENNETH A JOHNSON ",0,3,"BIO","BIO"
"706","x7viPbgAAAAJ","J JACK LEE ",0,4,"CS","CS"
"707","GnDVXWcAAAAJ","PAUL RAYMOND RUSSELL ",0,1,"BIO","BIO"
"708","cvJWY6kAAAAJ","LI WU ",0,1,"BIO","BIO"
"709","GPlRHI8AAAAJ","SALLY MACINTYRE ",0,1,"BIO","BIO"
"710","SG5c300AAAAJ","ALICE L ALLDREDGE ",0,1,"BIO","BIO"
"711","zZ0-4SUAAAAJ","W ERIC GRIMSON ",0,3,"CS","CS"
"712","M6urChQAAAAJ","ALOYSIUS K MOK ",0,2,"CS","CS"
"713","GST4nE0AAAAJ","JAMES G PATTON ",0,1,"BIO","BIO"
"714","xYLmV7YAAAAJ","PHILLIP D ZAMORE ",0,1,"BIO","BIO"
"715","guhwcP8AAAAJ","HENRY O FUCHS ",0,4,"CS","CS"
"716","z6cJOmMAAAAJ","LEONARD MCMILLAN ",0,4,"CS","CS"
"717","VEdybxgAAAAJ","HANY FARID ",0,5,"CS","CS"
"718","h6jljQQAAAAJ","EVA TARDOS ",0,8,"CS","CS"
"719","gWBoNCsAAAAJ","CHARLES ERIC LEISERSON ",0,5,"CS","CS"
"720","iLQqwosAAAAJ","HSIANG TSUNG KUNG ",0,4,"CS","CS"
"721","Gwrwxa0AAAAJ","BRUCE MACDOWELL MAGGS ",0,3,"CS","CS"
"722","Gx8Rpr4AAAAJ","JENS PALSBERG ",0,3,"CS","CS"
"723","mNuzGVcAAAAJ","WILLIAM R COOK ",0,3,"CS","CS"
"724","gyIf7XIAAAAJ","JANOS SIMON ",0,1,"CS","CS"
"725","n3LTWi8AAAAJ","WALTER L RUZZO ",0,2,"CS","CS"
"726","gyL3CZ0AAAAJ","CHANDRAJIT L BAJAJ ",0,1,"CS","CS"
"727","k7VhUnAAAAAJ","TAMAL KRISHNA DEY ",0,2,"CS","CS"
"728","MjmBY5AAAAAJ","JOHN C HART ",0,1,"CS","CS"
"729","XZkvOTEAAAAJ","KEVIN W BOWYER ",0,4,"CS","CS"
"730","h4i4fh8AAAAJ","BEN A SHNEIDERMAN ",0,4,"CS","CS"
"731","sGPW9jAAAAAJ","SUSAN ELISE BRENNAN ",0,1,"CS","CS"
"732","rD8a4hQAAAAJ","DAVID B SHMOYS ",0,3,"CS","CS"
"733","uLsDDUMAAAAJ","RICHARD J ANDERSON ",0,4,"CS","CS"
"734","q0nuNrEAAAAJ","ALOK NIDHI CHOUDHARY ",0,5,"CS","CS"
"735","HBgEJU0AAAAJ","JOHN C AVISE ",0,1,"BIO","BIO"
"736","HBi2xQkAAAAJ","DAPHNE JANICE FAIRBAIRN ",0,1,"BIO","BIO"
"737","xQlXXWQAAAAJ","DEREK A ROFF ",0,1,"BIO","BIO"
"738","Hft_8cgAAAAJ","LAWRENCE KEVIN SAUL ",0,1,"CS","CS"
"739","yxUduqMAAAAJ","MICHAEL I JORDAN ",0,1,"CS","CS"
"740","wyCIJfQAAAAJ","PAUL DOURISH ",0,1,"CS","CS"
"741","HlXPvCoAAAAJ","SAMUEL R BUSS ",0,1,"CS","CS"
"742","UwFA1KoAAAAJ","SAUMYA K DEBRAY ",0,3,"CS","CS"
"743","hmy9MpkAAAAJ","STEPHEN J SMALL ",0,3,"BIO","BIO"
"744","yCdoo65q6NMC","DAVID N ARNOSTI ",0,1,"BIO","BIO"
"745","Ho2P5DYAAAAJ","CHRISTINA L BURCH ",0,1,"BIO","BIO"
"746","thiYWA4AAAAJ","DANIEL C STEIN ",0,1,"BIO","BIO"
"747","HriWXcEAAAAJ","SANJEEV KHANNA ",0,1,"CS","CS"
"748","VjNg25EAAAAJ","ASHOK KUMAR GOEL ",0,3,"CS","CS"
"749","HTbZCZ4AAAAJ","DAVID S ROOS ",0,1,"BIO","XD"
"750","EFD4OrIAAAAJ","YANG CAO ",0,1,"CS","XD"
"751","wQdo-bMAAAAJ","NIKOLAOS P PAPANIKOLOPOULOS ",0,3,"CS","CS"
"752","htRNTnYAAAAJ","RICHARD W MICHELMORE ",0,1,"BIO","BIO"
"753","HuSHIWkAAAAJ","SANJOY K BARUAH ",0,1,"CS","CS"
"754","hVUzp6EAAAAJ","THOMAS WEIMBS ",0,1,"BIO","BIO"
"755","ZP1S8FYAAAAJ","CYRUS REZA SAFINYA ",0,1,"BIO","BIO"
"756","Kh9REfEAAAAJ","DMITRI A PETROV ",0,1,"BIO","BIO"
"757","I-rKkyEAAAAJ","KENNETH PAUL BIRMAN ",0,3,"CS","CS"
"758","uJbM58UAAAAJ","ROBBERT RENESSE ",0,3,"CS","CS"
"759","tNmIw4MAAAAJ","AMR EL ABBADI ",0,3,"CS","CS"
"760","I1w51gUAAAAJ","RAJESH KUMAR GUPTA ",0,1,"CS","CS"
"761","Ly1WbocAAAAJ","STEVEN JAMES SWANSON ",0,1,"CS","CS"
"762","i3pEsbgAAAAJ","DONNA KAREN SLONIM ",0,2,"CS","CS"
"763","O8NWAXoAAAAJ","BENJAMIN J HESCOTT ",0,1,"CS","CS"
"764","IcW1vJEAAAAJ","BENJAMIN BORIS BEDERSON ",0,1,"CS","CS"
"765","LOFYnLkAAAAJ","JAMES D HOLLAN ",0,2,"CS","CS"
"766","Id792TsAAAAJ","ROGER ALAN CRAWFIS ",0,1,"CS","CS"
"767","IdDGv6oAAAAJ","ROBIN RAY GUTELL ",0,1,"BIO","BIO"
"768","IeBc5OsAAAAJ","JEFFERY L DANGL ",0,2,"BIO","BIO"
"769","IEHo6YcAAAAJ","EDWARD F GEHRINGER ",0,1,"CS","CS"
"770","Ieo0BVEAAAAJ","T RICHARD NICHOLS ",0,1,"BIO","BIO"
"771","jzHG0ssAAAAJ","TIMOTHY C COPE ",0,1,"BIO","BIO"
"772","igVM0AEAAAAJ","RICHARD T BARBER ",0,2,"BIO","XD"
"773","ZVxO6IIAAAAJ","JAMES H MARTIN ",0,1,"CS","XD"
"774","in6eBIwAAAAJ","ROBERT TAPPAN MORRIS ",0,1,"CS","CS"
"775","im5aMngAAAAJ","CHARLES PETER ELKAN ",0,2,"CS","CS"
"776","IXnzCb8AAAAJ","ALBERTO MARIA SEGRE ",0,1,"CS","CS"
"777","Kt1bjZoAAAAJ","BING LIU ",0,1,"CS","XD"
"778","w90wOucAAAAJ","YANG LIU ",0,1,"CS","XD"
"779","sbyIxv0AAAAJ","BRIGID LM HOGAN ",0,1,"BIO","BIO"
"780","IQosWycAAAAJ","ANNIE I ANTON ",0,1,"CS","CS"
"781","iQV2L2IAAAAJ","MARK J GUZDIAL ",0,1,"CS","CS"
"782","IrPitBgAAAAJ","MARY LOU GUERINOT ",0,1,"BIO","BIO"
"783","XDgY-fMAAAAJ","C ROBERTSON MCCLUNG ",0,1,"BIO","BIO"
"784","ISRNX3gAAAAJ","GUILLERMO R SAPIRO ",0,3,"CS","CS"
"785","P5CovF0AAAAJ","GUIDO GERIG ",0,4,"CS","CS"
"786","rNTIQXYAAAAJ","STEVEN W ZUCKER ",0,6,"CS","CS"
"787","it1vhYAAAAAJ","MICHAEL ANTHONY ARBIB ",0,1,"CS","CS"
"788","qYcG-q0AAAAJ","YANXI LIU ",0,1,"CS","CS"
"789","iTii9qEAAAAJ","S K SHARMA ",0,2,"BIO","XD"
"790","IUZgJogAAAAJ","DANIEL SABEY WELD ",0,2,"CS","CS"
"791","izVO9pYAAAAJ","BRADLEY C HYMAN ",0,1,"BIO","XD"
"792","J09a41oAAAAJ","OTONIEL MARTINEZ-MAZA ",0,1,"BIO","BIO"
"793","V8erWBIAAAAJ","RONALD H STEVENS ",0,1,"BIO","BIO"
"794","J0SKz5YAAAAJ","OLEG V SOKOLSKY ",0,1,"CS","CS"
"795","J12C3nYAAAAJ","KEVIN JEFFAY ",0,2,"CS","CS"
"796","rRxC18AAAAAJ","PRASUN DEWAN ",0,1,"CS","CS"
"797","J1a81tAAAAAJ","LAURENCE D MUELLER ",0,2,"BIO","BIO"
"798","NCQ3E5sAAAAJ","MICHAEL R ROSE ",0,4,"BIO","BIO"
"799","v0gn6NEAAAAJ","JAMES W CURTSINGER ",0,4,"BIO","BIO"
"800","J1tqbNAAAAAJ","UMAKISHORE RAMACHANDRAN ",0,4,"CS","CS"
"801","JWXlepgAAAAJ","ANAND SIVASUBRAMANIAM ",0,1,"CS","CS"
"802","J5f4Gq8AAAAJ","JEFFREY ALLEN FESSLER ",0,1,"CS","CS"
"803","xf7_yNsAAAAJ","MANOJ PRASANNA KUMAR ",0,1,"CS","CS"
"804","j9XJD8QAAAAJ","ROBERT R KESSLER ",0,1,"CS","CS"
"805","LgL2HpkAAAAJ","KWAN LIU MA ",0,1,"CS","CS"
"806","jB4y-j4AAAAJ","BARBARA E EHRLICH ",0,1,"BIO","BIO"
"807","xBUSYEEAAAAJ","ANDREW ROBERT MARKS ",0,3,"BIO","XD"
"808","jDm73CQAAAAJ","ANURA P JAYASUMANA ",0,1,"CS","CS"
"809","jdq0xz8AAAAJ","MICHAEL CHARLES FERRIS ",0,1,"CS","CS"
"810","RXw9afsAAAAJ","TERENCE HWA ",0,1,"BIO","BIO"
"811","jh3Z4esAAAAJ","CHRISTOPHER H HAUFLER ",0,1,"BIO","BIO"
"812","xXBPAdQAAAAJ","KATHLEEN M PRYER ",0,1,"BIO","BIO"
"813","Jk3gxBEAAAAJ","SIBEL ADALI ",0,1,"CS","CS"
"814","WHOHV3AAAAAJ","DAN ROTH ",0,2,"CS","CS"
"815","ymCi4oEAAAAJ","RONI KHARDON ",0,2,"CS","CS"
"816","hRggMmIAAAAJ","SANTOSH SRINIVAS VEMPALA ",0,1,"CS","CS"
"817","jM1cT4QAAAAJ","TUCKER R BALCH ",0,1,"CS","CS"
"818","JNPbTdIAAAAJ","JAMES ALEXANDER HENDLER ",0,4,"CS","CS"
"819","kiZj3UcAAAAJ","ELLEN DORCAS KETTERSON ",0,4,"BIO","BIO"
"820","Qjb5DnwAAAAJ","LARRY B CROWDER ",0,4,"BIO","BIO"
"821","XB_ZhjUAAAAJ","LINDA R MAXSON ",0,1,"BIO","BIO"
"822","JpC9bmEAAAAJ","JIANWEN SU ",0,2,"CS","CS"
"823","XcaEg-cAAAAJ","DIVYAKANT AGRAWAL ",0,3,"CS","XD"
"824","JPM3RdEAAAAJ","JEFFREY DONALD PALMER ",0,6,"BIO","XD"
"825","y9_QaxwAAAAJ","ERIC B KNOX ",0,1,"BIO","BIO"
"826","Jr0P0Z4AAAAJ","KELVIN JA DAVIES ",0,1,"BIO","BIO"
"827","R8yXxqkAAAAJ","GEORGE AUSTIN BROOKS ",0,1,"BIO","BIO"
"828","jTiRFi8AAAAJ","BRUCE ANTHONY DRAPER ",0,5,"CS","CS"
"829","sQ8u6h4AAAAJ","CARLA E BRODLEY ",0,2,"CS","CS"
"830","_Z12v2IAAAAJ","SHAMKANT B NAVATHE ",0,2,"CS","CS"
"831","nbpafUkAAAAJ","DAVID ALLEN MCALLESTER ",0,3,"CS","CS"
"832","jYsDOQMAAAAJ","KENRO KUSUMI ",0,1,"BIO","BIO"
"833","K2oAEEkAAAAJ","MICHELE R DUDASH ",0,1,"BIO","BIO"
"834","k3YaoIEAAAAJ","STANLEY BENJAMIN ZDONIK ",0,1,"CS","CS"
"835","k5c56_wAAAAJ","BRUCE W PORTER ",0,1,"CS","CS"
"836","q_7mcn4AAAAJ","JAMES C LESTER ",0,1,"CS","CS"
"837","K7y6AEEAAAAJ","THOMAS DAVID KOCHER ",0,2,"BIO","BIO"
"838","Qc7U3TcAAAAJ","ANNA DI RIENZO ",0,1,"BIO","BIO"
"839","keQw9LQAAAAJ","JAMES KENNETH LIEBHERR ",0,1,"BIO","BIO"
"840","NeJ-SQEAAAAJ","ANN E HAJEK ",0,2,"BIO","XD"
"841","YYp9xfoAAAAJ","MARK L WILSON ",0,1,"BIO","XD"
"842","KP-Vo44AAAAJ","MATTHIAS FELLEISEN ",0,2,"CS","CS"
"843","KPxl53wzvv4C","KATHRYN M ROEDER ",0,1,"CS","XD"
"844","kqW_-2gAAAAJ","NENAD MEDVIDOVIC ",0,1,"CS","CS"
"845","_2UkAYEAAAAJ","E JAMES WHITEHEAD ",0,1,"CS","CS"
"846","KrLrb14AAAAJ","L JAY GUO ",0,2,"CS","XD"
"847","KRuCIOQAAAAJ","WILLIAM RICHARD JEFFERY ",0,1,"BIO","BIO"
"848","KTF9-QkAAAAJ","ELIZABETH M MCNALLY ",0,2,"BIO","BIO"
"849","ktyhG_oAAAAJ","GREGORY ALLAN WRAY ",0,2,"BIO","BIO"
"850","ywgYvpsAAAAJ","LAWRENCE E GILBERT ",0,4,"BIO","BIO"
"851","q9z6Pt8AAAAJ","H FREDRICK NIJHOUT ",0,2,"BIO","BIO"
"852","kUMiOQMAAAAJ","DAVID R LINDBERG ",0,1,"BIO","BIO"
"853","LRQYRlIAAAAJ","THOMAS J KODADEK ",0,2,"BIO","BIO"
"854","Kv9AbjMAAAAJ","JIAWEI HAN ",0,1,"CS","CS"
"855","KxBH0U4AAAAJ","LASZLO N CSONKA ",0,1,"BIO","BIO"
"856","oKRMzLMAAAAJ","STANTON B GELVIN ",0,2,"BIO","BIO"
"857","kXVBr20AAAAJ","BUD BHUBANESWAR MISHRA ",0,2,"CS","CS"
"858","kYK4tvsAAAAJ","JEAN H GALLIER ",0,1,"CS","CS"
"859","uT9_8hcAAAAJ","WAYNE SNYDER ",0,2,"CS","CS"
"860","K__JmtcAAAAJ","ERIC J PAULOS ",0,1,"CS","CS"
"861","L3KXa3cAAAAJ","EYTAN RUPPIN ",0,1,"CS","CS"
"862","9ZM8OlMAAAAJ","DAVID HORN ",0,1,"CS","CS"
"863","L3Z66_gAAAAJ","MARK JOHN GUILTINAN ",0,1,"BIO","BIO"
"864","QYqwwwcAAAAJ","W KEITH EDWARDS ",0,1,"CS","CS"
"865","L82mYv8AAAAJ","DANIEL ALAN SPIELMAN ",0,2,"CS","CS"
"866","L9cC5tIAAAAJ","TEH-HUI KAO ",0,1,"BIO","XD"
"867","OfcXtoIAAAAJ","THOMAS R IOERGER ",0,1,"CS","XD"
"868","ugFNit4AAAAJ","MING C LIN ",0,2,"CS","CS"
"869","lB5lqocAAAAJ","DAVID N REZNICK ",0,1,"BIO","BIO"
"870","Lk38PP0AAAAJ","CARLOS J BUSTAMANTE ",0,1,"BIO","BIO"
"871","rxsX7DcAAAAJ","JOHN F MARKO ",0,1,"BIO","BIO"
"872","LnqYD9wAAAAJ","CAROL WIDNEY GREIDER ",0,1,"BIO","BIO"
"873","TGRPKRIAAAAJ","KEN PERLIN ",0,1,"CS","CS"
"874","_BSIZHAAAAAJ","JENNIFER LUNDELIUS WELCH ",0,3,"CS","CS"
"875","VX7d5EQAAAAJ","JON MICHAEL KLEINBERG ",0,3,"CS","CS"
"876","lpxhbPAAAAAJ","MARC TATAR ",0,1,"BIO","BIO"
"877","xViwZ0QAAAAJ","CARLO TOMASI ",0,2,"CS","CS"
"878","LQEBzYcAAAAJ","LINDA C MORRISON ",0,1,"BIO","BIO"
"879","YkIThXQAAAAJ","COLIN R PARRISH ",0,2,"BIO","BIO"
"880","LrlwhwUAAAAJ","JONATHAN ANDREW EISEN ",0,3,"BIO","XD"
"881","sUVeH-4AAAAJ","STEVEN L SALZBERG ",0,1,"CS","XD"
"882","lRTRxSIAAAAJ","RICHARD A YOUNG ",0,1,"BIO","BIO"
"883","LsuWoRoAAAAJ","RICHARD EARL KORF ",0,6,"CS","CS"
"884","vuKTnnsAAAAJ","WEIXIONG ZHANG ",0,1,"CS","CS"
"885","LV1qWjgAAAAJ","DEXTER C KOZEN ",0,1,"CS","CS"
"886","lW61FSQAAAAJ","STEPHEN JOSEPH KRON ",0,4,"BIO","BIO"
"887","zCO_h3cAAAAJ","ANDREW B KAHNG ",0,3,"CS","CS"
"888","l_9TshUAAAAJ","ROGER M NISBET ",0,1,"BIO","BIO"
"889","q0xdxtsAAAAJ","CHERYL J BRIGGS ",0,1,"BIO","BIO"
"890","M4xQUc0AAAAJ","ALAN LEROY SCOTT ",0,1,"BIO","BIO"
"891","sUo8vqYAAAAJ","JONATHAN D DINMAN ",0,1,"BIO","BIO"
"892","M6uUMREAAAAJ","QAIS AL-AWQATI ",0,1,"BIO","BIO"
"893","_SEaWmkAAAAJ","HERBERT S CHASE ",0,1,"BIO","BIO"
"894","m6_ZE3MAAAAJ","JEFFREY SKOLNICK ",0,1,"BIO","BIO"
"895","WfGLzyAAAAAJ","DAISUKE KIHARA ",0,1,"BIO","BIO"
"896","MA8rI0MAAAAJ","HENRIK ISKOV CHRISTENSEN ",0,2,"CS","CS"
"897","MCe-I6wAAAAJ","DAVID ISAAC ZUCKERMAN ",0,1,"CS","CS"
"898","VwQRddkAAAAJ","RUSSELL IMPAGLIAZZO ",0,4,"CS","CS"
"899","xj_f0-YAAAAJ","JOHN G FLANNERY ",0,2,"BIO","XD"
"900","NaVxc4wAAAAJ","MARTY A HUMPHREY ",0,2,"CS","CS"
"901","nbM0mzwAAAAJ","WAYNE K POTTS ",0,1,"BIO","BIO"
"902","ncgNqP8AAAAJ","ANDREW G STEPHENSON ",0,1,"BIO","XD"
"903","s-FMUNgAAAAJ","GEORGE V LAUDER ",0,3,"BIO","BIO"
"904","NCQuZX0AAAAJ","DIRK GUCHT ",0,1,"CS","CS"
"905","nd8lQQIAAAAJ","CHRISTOS N FALOUTSOS ",0,1,"CS","CS"
"906","NdNSXFkAAAAJ","PETER N DEVREOTES ",0,4,"BIO","BIO"
"907","QWORzTUAAAAJ","PIERRE A COULOMBE ",0,2,"BIO","BIO"
"908","FA3SUH4AAAAJ","TAKANARI INOUE ",0,2,"BIO","BIO"
"909","y2-3xzQAAAAJ","THEODORE LYLE STECK ",0,1,"BIO","BIO"
"910","NEqM-4IAAAAJ","R HOLLAND CHENG ",0,1,"BIO","BIO"
"911","thy6vUkAAAAJ","K SINGH ",0,1,"CS","CS"
"912","nFdbcvsAAAAJ","MIRON LIVNY ",0,1,"CS","CS"
"913","NFdG-GMAAAAJ","YOAV S FREUND ",0,3,"CS","CS"
"914","NhnK838AAAAJ","CHARLES WILLIAM ANDERSON ",0,1,"CS","CS"
"915","niE2OkIAAAAJ","MITCHELL PHILIP MARCUS ",0,1,"CS","CS"
"916","q92q8SMAAAAJ","S SINGH ",0,3,"CS","XD"
"917","nNU3STcAAAAJ","PETER KAZANZIDES ",0,1,"CS","CS"
"918","Ph16U5wAAAAJ","RUSSELL HIGHSMITH TAYLOR ",0,3,"CS","CS"
"919","NpcLBDsAAAAJ","IAN G HARRIS ",0,1,"CS","CS"
"920","RJhla18AAAAJ","ALEX ORAILOGLU ",0,1,"CS","CS"
"921","NRfuSNcAAAAJ","HOLLY BRUGGE JIMISON ",0,1,"CS","CS"
"922","q-t3rScAAAAJ","BRENT DRENNEN MISHLER ",0,4,"BIO","BIO"
"923","nwfZfqoAAAAJ","ALAIN J MARTIN ",0,1,"CS","CS"
"924","NXtRD1cAAAAJ","COLIN M POTTS ",0,2,"CS","CS"
"925","o-6rUfoAAAAJ","SRIDHAR S HANNENHALLI ",0,2,"BIO","XD"
"926","oAaMfQsAAAAJ","DING ZHU DU ",0,1,"CS","CS"
"927","Oc6lqIwAAAAJ","VITALY H CITOVSKY ",0,1,"BIO","BIO"
"928","R9Fr5oIAAAAJ","BV VERKATARAM PRASAD ",0,2,"BIO","BIO"
"929","oFiuaXEAAAAJ","LORI A CLARKE ",0,1,"CS","CS"
"930","vL6ubpMAAAAJ","DEBRA J RICHARDSON ",0,1,"CS","CS"
"931","ogj8ppAAAAAJ","JIM F KUROSE ",0,4,"CS","CS"
"932","oIdI_PcAAAAJ","DUANE S BONING ",0,1,"CS","CS"
"933","okf5bmQAAAAJ","JUDE W SHAVLIK ",0,3,"CS","CS"
"934","okJj8GYAAAAJ","MAUREEN R HANSON ",0,2,"BIO","BIO"
"935","PCSnKs8AAAAJ","NICHOLAS C CARPITA ",0,1,"BIO","BIO"
"936","Ok_HjPUAAAAJ","CURT M HORVATH ",0,1,"BIO","BIO"
"937","UyIBJikAAAAJ","ROBERT A LAMB ",0,2,"BIO","BIO"
"938","OQbV_3UAAAAJ","MITCHELL L SOGIN ",0,1,"BIO","BIO"
"939","oQsObk0AAAAJ","JAMES ANTHONY LANDAY ",0,1,"CS","CS"
"940","qfCah3sAAAAJ","NALINI VENKATASUBRAMANIAN ",0,1,"CS","CS"
"941","OsoQ-dcAAAAJ","PADHRAIC SMYTH ",0,2,"CS","CS"
"942","OSxYKeQAAAAJ","DINSHAW J PATEL ",0,1,"BIO","BIO"
"943","OT79Y9UAAAAJ","MOSTAFA HAMED AMMAR ",0,3,"CS","CS"
"944","tmuBOhwAAAAJ","GEORGE N ROUSKAS ",0,1,"CS","CS"
"945","oXasn9EAAAAJ","KEVIN C ALMEROTH ",0,1,"CS","CS"
"946","qHKTzjEAAAAJ","STEPHEN R PALUMBI ",0,2,"BIO","BIO"
"947","ouLKf2YAAAAJ","SCOTT D EMR ",0,2,"BIO","BIO"
"948","pGGjfS8AAAAJ","DANIEL J KLIONSKY ",0,1,"BIO","BIO"
"949","ouY9ypcAAAAJ","JON B WEISSMAN ",0,1,"CS","CS"
"950","T_O6pjEAAAAJ","ANDREW S GRIMSHAW ",0,1,"CS","CS"
"951","OwRJIbUAAAAJ","DAVID I SHALLOWAY ",0,1,"BIO","BIO"
"952","oy7TshoAAAAJ","ANDREW AUSTIN BIEWENER ",0,1,"BIO","BIO"
"953","p0sQC6sAAAAJ","MICHAEL JAY FRANKLIN ",0,2,"CS","CS"
"954","Y4J5SOwAAAAJ","JAIDEEP SRIVASTAVA ",0,2,"CS","CS"
"955","p9RsPG4AAAAJ","RAYMOND JOSEPH MOONEY ",0,1,"CS","CS"
"956","Pil9rEEAAAAJ","RICHARD ALAN DEMILLO ",0,2,"CS","CS"
"957","rhogjK0AAAAJ","MICHAL YOUNG ",0,1,"CS","CS"
"958","pK034F0AAAAJ","DAVID SCOTT GOLDFARB ",0,1,"BIO","BIO"
"959","PkfChMgAAAAJ","RANDY HOWARD KATZ ",0,8,"CS","CS"
"960","PKr0chgAAAAJ","S SHARMA ",0,1,"BIO","XD"
"961","pktpbkEAAAAJ","FRANCOIS M LUTZONI ",0,1,"BIO","BIO"
"962","PLJ0L4QAAAAJ","DEBORAH L MCGUINNESS ",0,3,"CS","CS"
"963","PLt9wB8AAAAJ","VS A SUBRAHMANIAN ",0,7,"CS","CS"
"964","twwFv3QAAAAJ","JAN CHOMICKI ",0,1,"CS","CS"
"965","plYoF-MAAAAJ","PAUL WILLIAM BEAME ",0,4,"CS","CS"
"966","pOd2M64AAAAJ","DAVID PAUL WILLIAMSON ",0,2,"CS","CS"
"967","UA3tyKwAAAAJ","BLAIR MACINTYRE ",0,1,"CS","CS"
"968","pPB_WK0AAAAJ","TANDY JO WARNOW ",0,1,"CS","XD"
"969","pPUjlKwAAAAJ","FRANCIS KH QUEK ",0,1,"CS","CS"
"970","wOYUPpwAAAAJ","RAMESH C JAIN ",0,4,"CS","XD"
"971","PQakxO4AAAAJ","CHRISTOPHER DUANE CAROTHERS ",0,1,"CS","CS"
"972","pwhyTq0AAAAJ","THOMAS WILLIAM REPS ",0,2,"CS","CS"
"973","PWp9YUUAAAAJ","DAVID R CARRIER ",0,1,"BIO","BIO"
"974","pWZ7c4MAAAAJ","TODD ALAN PROEBSTING ",0,1,"CS","CS"
"975","Px9wT4AAAAAJ","ANTHONY RAGNAR IVES ",0,4,"BIO","BIO"
"976","pxc_-XYAAAAJ","MARTHA STONE PALMER ",0,1,"CS","CS"
"977","pygPWvEAAAAJ","ADNAN Y DARWICHE ",0,1,"CS","CS"
"978","PzaBy-UAAAAJ","MICHAEL LEE SCOTT ",0,3,"CS","CS"
"979","vrHhOlUAAAAJ","MARK E CROVELLA ",0,2,"CS","CS"
"980","wX0XpxMAAAAJ","JOHN M MELLOR-CRUMMEY ",0,4,"CS","XD"
"981","q16KVs0AAAAJ","DANIEL P HUTTENLOCHER ",0,3,"CS","CS"
"982","Q3xxVngAAAAJ","JAMES DAVID HERBSLEB ",0,2,"CS","CS"
"983","Q6pxNZYAAAAJ","LYDIA E KAVRAKI ",0,1,"CS","CS"
"984","xe0eVksAAAAJ","PANKAJ K AGARWAL ",0,3,"CS","CS"
"985","qABYFOIAAAAJ","BETTY HC CHENG ",0,1,"CS","CS"
"986","QR4VpsIAAAAJ","RICHARD J ENBODY ",0,2,"CS","CS"
"987","zdnAkgsAAAAJ","JOSEP TORRELLAS ",0,2,"CS","CS"
"988","QBELV48AAAAJ","RICHARD C SCHWARTZ ",0,1,"BIO","BIO"
"989","QcO9p8AAAAAJ","AHMED AG HELMY ",0,1,"CS","CS"
"990","qCVy9hgAAAAJ","PAUL M THOMPSON ",0,1,"BIO","BIO"
"991","VBkNT98AAAAJ","DAVID M MILLER ",0,2,"BIO","BIO"
"992","QeRUVr0AAAAJ","DANIEL L BOLEY ",0,3,"CS","CS"
"993","qe_J1w4AAAAJ","LEONID A LEVIN ",0,3,"CS","CS"
"994","Qf4bw4UAAAAJ","HARI RAM BALAKRISHNAN ",0,1,"CS","CS"
"995","QH90248AAAAJ","ALON EFRAT ",0,1,"CS","CS"
"996","qMOS01AAAAAJ","BONNIE BERGER ",0,2,"CS","XD"
"997","qmwdWu8AAAAJ","DONALD R ZAK ",0,1,"BIO","BIO"
"998","qNznu3kAAAAJ","MUNINDAR PAUL SINGH ",0,1,"CS","CS"
"999","qQLlBH4AAAAJ","ROBERT F MURPHY ",0,2,"BIO","XD"
"1000","U9HQ2qUAAAAJ","WILLIAM F PUNCH ",0,2,"CS","CS"
"1001","QRrrUU0AAAAJ","Z MERAL OZSOYOGLU ",0,1,"CS","CS"
"1002","QSY7ufMAAAAJ","DAVID A EPPSTEIN ",0,5,"CS","CS"
"1003","qY26R4kAAAAJ","JOHN STANSFIELD PARKINSON ",0,2,"BIO","XD"
"1004","Q_lOnawAAAAJ","ELSBETH L WALKER ",0,1,"BIO","BIO"
"1005","UVuQeJIAAAAJ","GLORIA M CORUZZI ",0,3,"BIO","BIO"
"1006","r5al7kkAAAAJ","GENE E ROBINSON ",0,2,"BIO","BIO"
"1007","r6cAovIAAAAJ","LOREN GILBERT TERVEEN ",0,1,"CS","CS"
"1008","R9sorZwAAAAJ","MAJD F SAKR ",0,1,"CS","CS"
"1009","RBuoCYEAAAAJ","JOHN RONALD KENDER ",0,8,"CS","XD"
"1010","RFAeRXEAAAAJ","PAMELA B SKLAR ",0,1,"BIO","BIO"
"1011","RhFhIIgAAAAJ","PIERRE F BALDI ",0,1,"CS","CS"
"1012","rHu-NogAAAAJ","EUGENE LEWIS MADSEN ",0,1,"BIO","BIO"
"1013","Tg4ndREAAAAJ","WILLIAM C GHIORSE ",0,1,"BIO","BIO"
"1014","RivxoIcAAAAJ","ZHENDONG PATRICK SU ",0,1,"CS","CS"
"1015","uE08NmEAAAAJ","PHOTINI SINNIS ",0,1,"BIO","BIO"
"1016","t3TgxNwAAAAJ","PETER SCHROEDER ",0,2,"CS","CS"
"1017","RznCjloAAAAJ","RYTAS J VILGALYS ",0,2,"BIO","BIO"
"1018","R_fV7c4AAAAJ","DANIEL ZELTERMAN ",0,1,"BIO","BIO"
"1019","s-4VGIQAAAAJ","WAYNE ERIC STARK ",0,1,"CS","CS"
"1020","VXvek_AAAAAJ","H BRADLEY SHAFFER ",0,1,"BIO","BIO"
"1021","S5AaMfgAAAAJ","ALEXANDER TIBERIU BORGIDA ",0,4,"CS","CS"
"1022","S5B0QmMAAAAJ","AZER BESTAVROS ",0,1,"CS","CS"
"1023","SCgBTgQAAAAJ","PATRICE SHOWERS CORNELI ",0,1,"BIO","BIO"
"1024","SGCNgQQAAAAJ","MARY B KENNEDY ",0,1,"BIO","BIO"
"1025","SgQislgAAAAJ","JOHN THOMAS LIS ",0,2,"BIO","BIO"
"1026","si3UgDwAAAAJ","ANDREW PETER MARTIN ",0,1,"BIO","BIO"
"1027","SIxd6jgAAAAJ","DAN MIRCEA SUCIU ",0,2,"CS","CS"
"1028","Sm14jYIAAAAJ","JIANBO SHI ",0,1,"CS","CS"
"1029","sm9xJEkAAAAJ","THU DUC NGUYEN ",0,1,"CS","CS"
"1030","snO5M-8AAAAJ","G DAVID FORNEY ",0,1,"CS","CS"
"1031","XtUBAtwAAAAJ","A ROBERT CALDERBANK ",0,1,"CS","CS"
"1032","soiDQbQAAAAJ","ZHAOJUN J BAI ",0,1,"CS","CS"
"1033","tqEWl8gAAAAJ","HONGYUAN ZHA ",0,1,"CS","CS"
"1034","sSS9gSoAAAAJ","MICHAEL TRUMAN GOODRICH ",0,9,"CS","CS"
"1035","3TK9AHQAAAAJ","JUN BO LIU ",0,2,"BIO","BIO"
"1036","SXxEJvMAAAAJ","DARIA D MOCHLY-ROSEN ",0,1,"BIO","BIO"
"1037","t0Sk55AAAAAJ","SCOTT VERNON EDWARDS ",0,2,"BIO","BIO"
"1038","T2tYWWMAAAAJ","HH AM SHUGART ",0,2,"BIO","BIO"
"1039","TarR6_8AAAAJ","LENORE JENNIFER COWEN ",0,1,"CS","CS"
"1040","tfe0tsIAAAAJ","SUSAN ARMSTRONG HENRY ",0,3,"BIO","BIO"
"1041","tgYsFS0AAAAJ","MARGARET ROSE MARTONOSI ",0,1,"CS","CS"
"1042","Uttu9kkAAAAJ","ROHINI K SRIHARI ",0,1,"CS","CS"
"1043","TPOorDcAAAAJ","LAXMIKANT VASUDEO KALE ",0,3,"CS","CS"
"1044","tqF2ld4AAAAJ","ERIC D MJOLSNESS ",0,1,"CS","CS"
"1045","tRerdSIAAAAJ","DANNY Z CHEN ",0,3,"CS","CS"
"1046","uIdXorIAAAAJ","XIAOBO SHARON HU ",0,1,"CS","CS"
"1047","TtJeqqoAAAAJ","ROBERT S CARTWRIGHT ",0,1,"CS","CS"
"1048","TW6dnZUAAAAJ","KRISHNA V PALEM ",0,2,"CS","CS"
"1049","txdJApMAAAAJ","GEORGE NELSON BENNETT ",0,1,"BIO","BIO"
"1050","U-vDOsIAAAAJ","LARRY L SMARR ",0,1,"CS","CS"
"1051","yi6DR64AAAAJ","WILLIAM H PRESS ",0,1,"CS","CS"
"1052","u7MvE5MAAAAJ","ALAN MUNTE JONES ",0,1,"BIO","BIO"
"1053","UAb82rcAAAAJ","MICHAEL J MATUNIS ",0,1,"BIO","BIO"
"1054","ubiUvvgAAAAJ","KEITH DANIEL COOPER ",0,1,"CS","CS"
"1055","uDwy_JgAAAAJ","EDWARD ALLAN FOX ",0,4,"CS","CS"
"1056","vygtLDcAAAAJ","RICHARD K FURUTA ",0,1,"CS","CS"
"1057","UE61txYAAAAJ","JAMES LB MALLET ",0,1,"BIO","BIO"
"1058","UEI2g60AAAAJ","DAVID PATRICK WALKER ",0,1,"CS","CS"
"1059","UF1_VRcAAAAJ","JANE SHELBY RICHARDSON ",0,1,"BIO","BIO"
"1060","UgKiJTsAAAAJ","LEO BACHMAIR ",0,1,"CS","CS"
"1061","UgY7CSAAAAAJ","IAIN MCPHERSON CHEESEMAN ",0,1,"BIO","BIO"
"1062","uHwTzpYAAAAJ","ALEX H WAIBEL ",0,3,"CS","CS"
"1063","UMbfxUAAAAAJ","WILLIAM M GRAY ",0,1,"BIO","BIO"
"1064","vuyeghwAAAAJ","JAN S FASSLER ",0,1,"BIO","BIO"
"1065","uoQJeI4AAAAJ","DANIEL H HERSCHLAG ",0,1,"BIO","BIO"
"1066","UQ9Ws6wAAAAJ","DENNIS E SHASHA ",0,1,"CS","CS"
"1067","urTiL7QAAAAJ","DAVID EARL CULLER ",0,4,"CS","CS"
"1068","UVGe0gQAAAAJ","JASON JINGSHENG CONG ",0,3,"CS","CS"
"1069","uWsBKQ0AAAAJ","BERTHOLD KP HORN ",0,1,"CS","CS"
"1070","uy8T6BYAAAAJ","DAVID LANSING DILL ",0,2,"CS","CS"
"1071","V22Gj30AAAAJ","CRAIG BUCHANAN ZILLES ",0,1,"CS","CS"
"1072","vB96fX8AAAAJ","WILLIAM D GROPP ",0,2,"CS","CS"
"1073","VbruE20AAAAJ","VIKRAM SADANAND ADVE ",0,2,"CS","CS"
"1074","hTsDchEAAAAJ","MIN ZHOU ",0,1,"BIO","XD"
"1075","_IIpR0EAAAAJ","PAUL R SCHRATER ",0,1,"CS","CS"
"1076","vth4SIcAAAAJ","S FELIX WU ",0,1,"CS","CS"
"1077","VV48RpEAAAAJ","GARY J BISHOP ",0,3,"CS","CS"
"1078","vY7MdLYAAAAJ","KANG GEUN SHIN ",0,2,"CS","CS"
"1079","w0Vl_lsAAAAJ","ALLEN ROBERT TANNENBAUM ",0,3,"CS","CS"
"1080","wC_ntLYAAAAJ","ANDREW WS APPEL ",0,3,"CS","CS"
"1081","wDYPIQYAAAAJ","SHARON MIRIAM SWARTZ ",0,2,"BIO","BIO"
"1082","Why1TLIAAAAJ","ROBERT H ROBICHAUX ",0,1,"BIO","BIO"
"1083","Y-KJRwoAAAAJ","PHILIP WILSON RUNDEL ",0,1,"BIO","BIO"
"1084","l4QhOVoAAAAJ","TIEN N NGUYEN ",0,1,"CS","XD"
"1085","WLvuu74AAAAJ","GENE Y TSUDIK ",0,1,"CS","CS"
"1086","WPwXQlEAAAAJ","JACK RAYMOND WANDS ",0,1,"BIO","BIO"
"1087","WSN7T_YAAAAJ","RONALD CRAIG ARKIN ",0,1,"CS","CS"
"1088","WTkytQcAAAAJ","CHRISTINE MARIE JANIS ",0,1,"BIO","BIO"
"1089","WUWmiBcAAAAJ","EVE E MARDER ",0,3,"BIO","BIO"
"1090","WZUJGbsAAAAJ","DAVID MCNEAR RAND ",0,1,"BIO","BIO"
"1091","w_Q7iBoAAAAJ","DAVID F KOTZ ",0,3,"CS","CS"
"1092","X5hjyXgAAAAJ","JAY A TISCHFIELD ",0,1,"BIO","XD"
"1093","XeyiyUYAAAAJ","MARGO I SELTZER ",0,2,"CS","CS"
"1094","XjeIqxYAAAAJ","VIVEK N SARKAR ",0,4,"CS","CS"
"1095","XkiApd4AAAAJ","CORMAC ANDRIAS FLANAGAN ",0,1,"CS","CS"
"1096","xlfT8vcAAAAJ","DAVID G TILMAN ",0,6,"BIO","BIO"
"1097","Xu83eAkAAAAJ","HIROYUKI NAKAI ",0,1,"BIO","BIO"
"1098","yj3SlSwAAAAJ","MARK A KAY ",0,1,"BIO","BIO"
"1099","XxPA1LAAAAAJ","MICHAEL I KOTLIKOFF ",0,1,"BIO","BIO"
"1100","3H-3V9wAAAAJ","JON P BOYLE ",0,1,"BIO","BIO"
"1101","Y8FpsToAAAAJ","SALLIE WATSON CHISHOLM ",0,3,"BIO","BIO"
"1102","ybfAUpsAAAAJ","ANTHONY SLAVKO TOMASIC ",0,2,"CS","CS"
"1103","ybVTEEkAAAAJ","MISHA PAVEL ",0,1,"CS","CS"
"1104","YcrMNggAAAAJ","JEFFREY KENNETH HOLLINGSWORTH ",0,1,"CS","CS"
"1105","Yf5wVssAAAAJ","LANCE JEREMY FORTNOW ",0,2,"CS","CS"
"1106","YIwiAAsAAAAJ","CLAUDIO TEIXEIRA SILVA ",0,1,"CS","CS"
"1107","YmpyLbEAAAAJ","CHARLES BARNET FENSTER ",0,1,"BIO","BIO"
"1108","YQmUZgYAAAAJ","MARLENE ZUK ",0,1,"BIO","BIO"
"1109","YZHj-Y4AAAAJ","WILLIAM JAMES DALLY ",0,3,"CS","CS"
"1110","zkqz0_0AAAAJ","ANDREW ANDAI CHIEN ",0,1,"CS","CS"
"1111","z20nJRsAAAAJ","ARTURO CASADEVALL ",0,1,"BIO","BIO"
"1112","ZJxvr5kAAAAJ","MARIANA FEDERICA WOLFNER ",0,3,"BIO","BIO"
"1113","zXhBB74AAAAJ","HONGTAO YU ",0,1,"BIO","BIO"
"1114","_YenRskAAAAJ","JAMES K CHEN ",0,1,"BIO","BIO"
"1115","ZzWjYkEAAAAJ","ALAN THEODORE SHERMAN ",0,1,"CS","CS"
"1116","_MmSAYEAAAAJ","JANINE M LASALLE ",0,1,"BIO","BIO"
"1117","_R2wQEkAAAAJ","DAVID ALLEN HAFLER ",0,1,"BIO","BIO"
"1118","_nX-7mUAAAAJ","ALAN M LAMBOWITZ ",0,1,"BIO","XD"
"1119","sFIgGN0AAAAJ","HE WANG ",0,1,"CS","XD"
